id,book,chapter,verse,english_ref,hindi_ref,marathi_ref,kannada_ref,topic,used,used_date,english_verse,hindi_verse,marathi_verse,kannada_verse
1,Deuteronomy,6,5,Deuteronomy 6:5,व्यवस्थाविवरण 6:5,अनुवाद 6:5,ಧರ್ಮೋಪದೇಶಕಾಂಡ 6:5,Love,True,2026-03-30 12:32,"inches of the top. Put a door in the side of the ark and make lower, middle and upper decks. 17I am going to bring floodwaters on the earth to destroy all life under the heavens, every creature that has the breath of life in it. Everything on earth will perish. 18But I will establish my covenant with you, and you will enter the ark-you and your sons and your wife and your sons' wives with you.",और आज्ञाकारी बालकों की नाई ं अपनी अज्ञानता के समय की पुरानी अत्तभलार्षाओं के सदृश न बनो।,परमेश्वराच्ा आज्ञेप्रमाणे मोशे आता ादर्षेनच्ा पूवर्षेला मवाबच्ा देशात नमशास्त्राचे ववरण करु लागला.,"ಆ ದಹು ಆ--ಅವಾ ದ ನಂದಿದವನೇ, ನಿ ವನಂದ; ಕರ್ಣಹು ನಿನ್ನುನಂದಿಗಿವಾದ್ದ; ಸಿತ್ತುನೇಯಲ್ಲಿ ನಿನೇಹು ಧಕ್ಯನೇ ಎನಂದಹು ನೇಳಿದಹು."
2,Leviticus,19,18,Leviticus 19:18,लेवीय 19:18,लेवीय 19:18,ಯಾಜಕಕಾಂಡ 19:18,Love,True,2026-03-30 16:15,"inches of the top. Put a door in the side of the ark and make lower, middle and upper decks. 17I am going to bring floodwaters on the earth to destroy all life under the heavens, every creature that has the breath of life in it. Everything on earth will perish. 18But I will establish my covenant with you, and you will enter the ark-you and your sons and your wife and your sons' wives with you.","तब मूसा अपने ससुर त्तयत्रो के पास लौटा और उससे कहा, मुझे त्तवदा कर, त्तक मैं त्तमस्र में रहने वाले अपने भाइयों के पास जा कर देखूं त्तक वे अब तक जीत्तवत हैं वा नहीं। त्तयत्रो ने कहा, कुशल से जा।","मग त्याने दर्शनमंडपातील परमेश्वरासमोर असलेल्या वेदीच्या ंगांना थोडे रक्त लावावे, व बाकीचे सवर्श रक्त दर्शनमंडपापाी असलेल्या होमवेदीच्या पायथ्यावर ओतावे.",ಆಹು ಡ್ಡವವಾಗಿದಹುದ್ದ ನೇನ್ನು ಕಹುವಾನಂದಹು ಕಯಪ್ಪಿಹುವಹು; ನೇವವಾದ ಕರ್ಣಹು ಆ ನಂ ವಾದ ವಾವಿನೇದ ಸಿನಂವಾಸವಹುನ್ನು ಆನಿ ಹು ವಹು.
3,Proverbs,10,12,Proverbs 10:12,नीतिवचन 10:12,नीतिसूत्रे 10:12,ಜ್ಞಾನೋಕ್ತಿಗಳು 10:12,Love,True,2026-03-31 07:01,1Blessed is the man who does not walk in the counsel of the wicked or stand in the way of sinners or sit in the seat of mockers.,"यत्तद तेरी दात्तहनी आंख तुझे ठोकर त्तखलाए, तो उसे त्तनकालकर अपने पास से िेंक दे; क्योंत्तक तेरे त्तलये यही भला है त्तक तेरे अंर्ों में से एक नाश हो जाए और तेरा सारा शरीर नरक में न डाला जाए।","नंतर परमेश्वर सैतानाला म्हणाला. “बरं आहे, तू त्याच्याजवळ असलेल्या वस्तूंचे काहीही करु शकतोस. पण तू त्याच्या अंगाला मात्र हात लावायचा नाहीस.” मग सैतान परमेश्वरापुढून नघून गेला.",ವಾಕಪ್ರಮಿವಾವಾಹು ವಾತ್ತುದವವುಗಳಹುನ್ನು ವಾಡಿವಾದ್ದ; ಆ ಸಹು ರಿಹುದ್ಧವಾದದಹುದ್ದ.
4,Song of Solomon,8,6,Song of Solomon 8:6,श्रेष्ठगीत 8:6,श्रेष्ठगीत 8:6,ಪರಮಗೀತ 8:6,Love,True,2026-03-31 16:38,1Blessed is the man who does not walk in the counsel of the wicked or stand in the way of sinners or sit in the seat of mockers.,1 पूवग युर् में परमेश्वर ने बाप दादों से थोडा थोडा करके और भांत्तत भांत्तत से भत्तवष्यद्वक्ताओं के द्वारा बातें कर के ।,"जख्रि तुझा उजवा हात तुला पापास पख्रिवृत्त कख्रितो, तख्रि तो तोडून फे कू न दे, काख्रिण संपूणर्य शख्रिीख्रि नख्रिकात जाण्यापेक्षा शख्रिीख्रिाचा एक अवयव गमावलेला बख्रिा.","ಆ ದಹು ಆ--ಅವಾ ದ ನಂದಿದವನೇ, ನಿ ವನಂದ; ಕರ್ಣಹು ನಿನ್ನುನಂದಿಗಿವಾದ್ದ; ಸಿತ್ತುನೇಯಲ್ಲಿ ನಿನೇಹು ಧಕ್ಯನೇ ಎನಂದಹು ನೇಳಿದಹು."
5,Song of Solomon,8,7,Song of Solomon 8:7,श्रेष्ठगीत 8:7,श्रेष्ठगीत 8:7,ಪರಮಗೀತ 8:7,Love,True,2026-04-01 08:06,1Blessed is the man who does not walk in the counsel of the wicked or stand in the way of sinners or sit in the seat of mockers.,"और र्ोमेर के पुत्र: अशकनज, रीपत, और तोर्माग हुए।","“आण तुम्ही वस्तख्रिावषयी का काळजी कख्रिता? ख्रिानातील फु ले पाहा, ती कशी वाढतात? ती कष्ट कख्रिीत नाहीत, आण ती कातीतही नाहीत,",ಆಹು ಡ್ಡವವಾಗಿದಹುದ್ದ ನೇನ್ನು ಕಹುವಾನಂದಹು ಕಯಪ್ಪಿಹುವಹು; ನೇವವಾದ ಕರ್ಣಹು ಆ ನಂ ವಾದ ವಾವಿನೇದ ಸಿನಂವಾಸವಹುನ್ನು ಆನಿ ಹು ವಹು.
6,Micah,6,8,Micah 6:8,मीका 6:8,मीखा 6:8,ಮೀಕ 6:8,Love,True,2026-04-01 16:16,"1O Lord , how many are my foes! How many rise up against me! 2Many are saying of me, ""God will not deliver him."" Selah","वह यहूदा के बेतलेहेम नर्र से इत्तसत्तलये त्तनकला, त्तक जहां कहीं स्थान त्तमले वहां जा रहे। चलते चलते वह एप्रैम के पहाडी देश में मीका के घर पर आ त्तनकला।","एलकाना ते पाहून म्हणिाला, “तू का रडतेस? तू का खात नाहीस? तू का दु:खी आहेस? तुला मी आहे-मी तुझा नवरा आहे. तू असा वचार कर की मी दहा मुलांपेक्षा अधिक आहे.”","ಆ ದಹು ಆ--ಅವಾ ದ ನಂದಿದವನೇ, ನಿ ವನಂದ; ಕರ್ಣಹು ನಿನ್ನುನಂದಿಗಿವಾದ್ದ; ಸಿತ್ತುನೇಯಲ್ಲಿ ನಿನೇಹು ಧಕ್ಯನೇ ಎನಂದಹು ನೇಳಿದಹು."
7,Proverbs,3,3,Proverbs 3:3,नीतिवचन 3:3,नीतिसूत्रे 3:3,ಜ್ಞಾನೋಕ್ತಿಗಳು 3:3,Love,True,2026-04-02 06:58,1Why do the nations conspire and the peoples plot in vain? 2The kings of the earth take their stand and the rulers gather together against the Lord and against his Anointed One.,"यत्तद तेरी दात्तहनी आंख तुझे ठोकर त्तखलाए, तो उसे त्तनकालकर अपने पास से िेंक दे; क्योंत्तक तेरे त्तलये यही भला है त्तक तेरे अंर्ों में से एक नाश हो जाए और तेरा सारा शरीर नरक में न डाला जाए।",पाठोपाठ दुसरिा ुलगा जन्ला तेव्हा त्याने एसावाची टाच हाताने घट्ट धरिली होती; म्हणून त्याचे नाव याकोब असे ठेवले. रिबके ला ही जुळी ुले झाली तेव्हा इसाहक साठ वषार्वांचा होता.,ಆಹು ಡ್ಡವವಾಗಿದಹುದ್ದ ನೇನ್ನು ಕಹುವಾನಂದಹು ಕಯಪ್ಪಿಹುವಹು; ನೇವವಾದ ಕರ್ಣಹು ಆ ನಂ ವಾದ ವಾವಿನೇದ ಸಿನಂವಾಸವಹುನ್ನು ಆನಿ ಹು ವಹು.
8,Psalm,63,3,Psalm 63:3,भजन संहिता 63:3,स्तोत्र 63:3,ಕೀರ್ತನೆಗಳು 63:3,Love,True,2026-04-02 16:17,"1O Lord , how many are my foes! How many rise up against me! 2Many are saying of me, ""God will not deliver him."" Selah","और तेरे त्तलये यह त्तचन्ह होर्ा, त्तक इस वर्षग तो तुम उसे खाओर्े जो आप से आप उर्े, और दूसरे वर्षग उसे जो उत्पन्न हो वह खाओर्े; और तीसरे वर्षग बीज बोने और उसे लवने पाओर्े, और दाख की बाररयां लर्ाने और उनका िल खाने पाओर्े।","पौंड हिोते. 87 हिोमिापर्षाणासाठी बारा गोऱ्हिे, बारा मिेंढे व एक एक वार्षाची बारा नर असलेली कोंकरे एवढे पशू हिोते; आण त्यांच्या बरोबर अपर्षाण्यासाठी अन्नापर्षाणेहिी हिोती; आण परमिेश्वराला पापापर्षाण वाहिण्यासाठी बारा बकरे हिोते; 88 इस्राएलांच्या प्रमिुखांनी शांत्यापणार्षासाठीहिी पशू अपर्षाण के ले. त्यांची एकू ण संख्या, चोवीस गोऱ्हिे, साठ मिेंढे, साठ बकरे व एक एक वार्षाची साठ नर असलेली कोंकरे एवढी हिोती. मिोशेने वेदीला तेलाचा अभेक के ल्यावर त्यांनी अशा प्रकारे समिपर्षाणे के ली. 89 मिोशे परमिेश्वरा","ಆ ದಹು ಆ--ಅವಾ ದ ನಂದಿದವನೇ, ನಿ ವನಂದ; ಕರ್ಣಹು ನಿನ್ನುನಂದಿಗಿವಾದ್ದ; ಸಿತ್ತುನೇಯಲ್ಲಿ ನಿನೇಹು ಧಕ್ಯನೇ ಎನಂದಹು ನೇಳಿದಹು."
9,Psalm,86,15,Psalm 86:15,भजन संहिता 86:15,स्तोत्र 86:15,ಕೀರ್ತನೆಗಳು 86:15,Love,True,2026-04-03 06:54,"1Lord , who may dwell in your sanctuary? Who may live on your holy hill? 2He whose walk is blameless and who does what is righteous, who speaks the truth from his heart 3and has no slander on his tongue, who does his neighbor no wrong and casts no slur on his fellowman, 4who despises a vile man but honors those who fear the Lord , who keeps his oath even when it hurts, 5who lends his money without usury and does not accept a bribe against the innocent. He who does these things will never be shak","उसी प्रकार तुम्हारा उत्तजयाला मनुष्यों के साम्हने चमके त्तक वे तुम्हारे भले कामों को देखकर तुम्हारे त्तपता की, जो स्वर्ग में हैं, बडाई करें॥",निंतर मोशिे व इस्राएल लोक परमेश्वराला हे गीत गाऊ लागले “मी परमेश्वराला गीत गाईन कारण त्याने महान कृ त्ये के ली आहेत; घोडा व स्वार यांना त्याने समुद्रात फे कू न दले आहे. 2 परमेश्वर माझे सामयर्व आहे. तो माझे रक्षण करतो. मी त्याची स्तुतस्तोत्रे गाईन;परमेश्वर माझा देव आहे; तो माझ्या पूवर्वजाचा देव आहे; मी त्याचे गौरव करीन. 3 परमेश्वर महान योद्धा आहे; त्याचे नांव याव्हे आहे. 4 त्याने फारोचे रथ व स्वार यांना समुद्रात फे कू न दले; त्याने फारोचे उत्तम लष्करी अधिकारी तांबड्या समुद्रात बुडवले. 5 खोल पाण्य,ಆಹು ಡ್ಡವವಾಗಿದಹುದ್ದ ನೇನ್ನು ಕಹುವಾನಂದಹು ಕಯಪ್ಪಿಹುವಹು; ನೇವವಾದ ಕರ್ಣಹು ಆ ನಂ ವಾದ ವಾವಿನೇದ ಸಿನಂವಾಸವಹುನ್ನು ಆನಿ ಹು ವಹು.
10,Psalm,136,26,Psalm 136:26,भजन संहिता 136:26,स्तोत्र 136:26,ಕೀರ್ತನೆಗಳು 136:26,Love,True,2026-04-03 15:31,1Blessed is the man who does not walk in the counsel of the wicked or stand in the way of sinners or sit in the seat of mockers.,"क्या वे सब सेवा टहल करने वाली आत्माएं नहीं; जो उिार पाने वालों के त्तलये सेवा करने को भेजी जाती हैं? इब्रात्तियों 2 1 इस कारण चात्तहए, त्तक हम उन बातों पर जो हम ने सुनी हैं और भी मन लर्ाएं, ऐसा न हो त्तक बहक कर उन से दूर चले जाएं। 2 क्योंत्तक जो वचन स्वर्गदूतों के द्वारा कहा र्या था जब वह त्तस्थर रहा और हर एक अपराि और आज्ञा न मानने का ठीक ठीक बदला त्तमला। 3 तो हम लोर् ऐसे बडे उिार से त्तनत्तश्चन्त रह कर क्योंकर बच सकते हैं? त्तजस की चचाग पत्तहले पत्तहल प्रभु के द्वारा हुई, और सुनने वालों के द्वा","परमेश्वर म्हणाला, “तुम्ही तुमचा देव परमेश्वर ह्याच्या आज्ञा पाळा; ज्या गोष्टी चांगल्या आहेत असे तो म्हणतो त्या तुम्ही करा; जर तुम्ही तुमच्या परमेश्वराच्या आज्ञा व वधिी पाळाल तर तुम्हाला मसरच्या लोकाप्रमाणे पीडा भोगाव्या लागणार नाहीत आण मी जो परमेश्वर त्या मी मसरच्या लोकांवर जे रोग पाठवले ते तुम्हांवर पाठवणार नाही; मी परमेश्वर आहे; तुम्हाला बरे करणारा मीच आहे.”",ವಾಕಪ್ರಮಿವಾವಾಹು ವಾತ್ತುದವವುಗಳಹುನ್ನು ವಾಡಿವಾದ್ದ; ಆ ಸಹು ರಿಹುದ್ಧವಾದದಹುದ್ದ.
11,Hosea,11,4,Hosea 11:4,होशे 11:4,होशे 11:4,ಹೋಶೇಯ 11:4,Love,True,2026-04-04 06:17,1Blessed is the man who does not walk in the counsel of the wicked or stand in the way of sinners or sit in the seat of mockers.,"त्तिर वे आपस में कहने लर्े, आओ, हम त्तकसी को अपना प्रिान बना लें, और त्तमस्र को लौट चलें।","शेम, हाम आणि याफे थ ही नोहाची मुले.",ವಾಕಪ್ರಮಿವಾವಾಹು ವಾತ್ತುದವವುಗಳಹುನ್ನು ವಾಡಿವಾದ್ದ; ಆ ಸಹು ರಿಹುದ್ಧವಾದದಹುದ್ದ.
12,Jeremiah,31,3,Jeremiah 31:3,यिर्मयाह 31:3,यिर्मया 31:3,ಯೆರೆಮೀಯ 31:3,Love,True,2026-04-04 14:55,"1I will praise you, O Lord , with all my heart; I will tell of all your wonders. 2I will be glad and rejoice in you; I will sing praise to your name, O Most High.","उस से तुम त्तबन देखे प्रेम रखते हो, और अब तो उस पर त्तबन देखे भी त्तवश्वास करके ऐसे आनत्तन्दत और मर्न होते हो, जो वणगन से बाहर और मत्तहमा से भरा हुआ है।","तेव्हा ममुखानाने सवर्या अधकाऱ्यांसमक्ष राजाला सांगतले, “राणिी वश्तीच्या हातून प्रमा घडलेला आहे. तची ही गैरवतर्याणिूक के वळ राजाच्याच वरुध् नव्हे तर राज्यातील सवर्या सरार व प्रजा यांच्यावरुध् आहे.",ವಾಕಪ್ರಮಿವಾವಾಹು ವಾತ್ತುದವವುಗಳಹುನ್ನು ವಾಡಿವಾದ್ದ; ಆ ಸಹು ರಿಹುದ್ಧವಾದದಹುದ್ದ.
13,Zephaniah,3,17,Zephaniah 3:17,सपन्याह 3:17,सफन्या 3:17,ಚೆಫನ್ಯ 3:17,Love,True,2026-04-05 06:49,1Blessed is the man who does not walk in the counsel of the wicked or stand in the way of sinners or sit in the seat of mockers.,"मैं मनुष्यों को संकट में डालूंर्ा, और वे अन्िों की नाई ं चलेंर्े, क्योंत्तक उन्होंने यहोवा के त्तवरि पाप त्तकया है; उनका लोहू िूत्तल के समान, और उनका मांस त्तवष्ठा की नाई ं िेंक त्तदया जाएर्ा।","एलाम, अश्शूर, अपर्माक्षद, लूद आणि अराम हे शेमचे मुलगे, ऊस, हूल, गेतेर आणि मेशेख हे अरामचे मुलगे.",ಆಹು ಡ್ಡವವಾಗಿದಹುದ್ದ ನೇನ್ನು ಕಹುವಾನಂದಹು ಕಯಪ್ಪಿಹುವಹು; ನೇವವಾದ ಕರ್ಣಹು ಆ ನಂ ವಾದ ವಾವಿನೇದ ಸಿನಂವಾಸವಹುನ್ನು ಆನಿ ಹು ವಹು.
14,John,3,16,John 3:16,यूहन्ना 3:16,योहान 3:16,ಯೋಹಾನ 3:16,Love,True,2026-04-05 14:58,"1Hear, O Lord , my righteous plea; listen to my cry. Give ear to my prayer- it does not rise from deceitful lips. 2May my vindication come from you; may your eyes see what is right. 3Though you probe my heart and examine me at night, though you test me, you will find nothing; I have resolved that my mouth will not sin.","उसी प्रकार तुम्हारा उत्तजयाला मनुष्यों के साम्हने चमके त्तक वे तुम्हारे भले कामों को देखकर तुम्हारे त्तपता की, जो स्वर्ग में हैं, बडाई करें॥","तेव्हा ममुखानाने सवर्या अधकाऱ्यांसमक्ष राजाला सांगतले, “राणिी वश्तीच्या हातून प्रमा घडलेला आहे. तची ही गैरवतर्याणिूक के वळ राजाच्याच वरुध् नव्हे तर राज्यातील सवर्या सरार व प्रजा यांच्यावरुध् आहे.","ಆ ದಹು ಆ--ಅವಾ ದ ನಂದಿದವನೇ, ನಿ ವನಂದ; ಕರ್ಣಹು ನಿನ್ನುನಂದಿಗಿವಾದ್ದ; ಸಿತ್ತುನೇಯಲ್ಲಿ ನಿನೇಹು ಧಕ್ಯನೇ ಎನಂದಹು ನೇಳಿದಹು."
15,1 John,4,19,1 John 4:19,1 यूहन्ना 4:19,1 योहान 4:19,1 ಯೋಹಾನ 4:19,Love,True,2026-04-06 08:15,"1I will praise you, O Lord , with all my heart; I will tell of all your wonders. 2I will be glad and rejoice in you; I will sing praise to your name, O Most High.","यत्तद तेरी दात्तहनी आंख तुझे ठोकर त्तखलाए, तो उसे त्तनकालकर अपने पास से िेंक दे; क्योंत्तक तेरे त्तलये यही भला है त्तक तेरे अंर्ों में से एक नाश हो जाए और तेरा सारा शरीर नरक में न डाला जाए।","ते आमच्यातूनच बाहेरनघाले, पणि ते खऱ्या अथार्णने आमच्यातील नव्हतेच, मी हे म्हणितो कारणि जर ते खरेच आमच्यातील असते तर तेआमच्यात राहले असते. पणि ते गेले यासाठी की, त्यांना आम्हांला दाखवायचे होते की त्यांच्यातील कोणिीच आमचानव्हता.",ಆಹು ಡ್ಡವವಾಗಿದಹುದ್ದ ನೇನ್ನು ಕಹುವಾನಂದಹು ಕಯಪ್ಪಿಹುವಹು; ನೇವವಾದ ಕರ್ಣಹು ಆ ನಂ ವಾದ ವಾವಿನೇದ ಸಿನಂವಾಸವಹುನ್ನು ಆನಿ ಹು ವಹು.
16,1 John,4,7,1 John 4:7,1 यूहन्ना 4:7,1 योहान 4:7,1 ಯೋಹಾನ 4:7,Love,True,2026-04-06 15:34,1Blessed is the man who does not walk in the counsel of the wicked or stand in the way of sinners or sit in the seat of mockers.,"और मैं तेरी आयु पन्द्रह वर्षग और बढा दूंर्ा। और अश्शूर के राजा के हाथ से तुझे और इस नर्र को बचाऊं र्ा, और मैं अपने त्तनत्तमि और अपने दास दाऊद के त्तनत्तमि इस नर्र की रक्षा करूं र्ा।","पणि जर आम्ही प्रकाशात चालतो, जसा देव प्रकाशात आहे तर आमचीवश्वासणिारे या नात्याने एकमेकांबरोबर सहभागता आहे. आणि देवाचा पुत्र येशू याचे रक्त आम्हाला सवर्ण पापांपासून शुद्धकरते.",ಆಹು ಡ್ಡವವಾಗಿದಹುದ್ದ ನೇನ್ನು ಕಹುವಾನಂದಹು ಕಯಪ್ಪಿಹುವಹು; ನೇವವಾದ ಕರ್ಣಹು ಆ ನಂ ವಾದ ವಾವಿನೇದ ಸಿನಂವಾಸವಹುನ್ನು ಆನಿ ಹು ವಹು.
17,Matthew,22,37,Matthew 22:37,मत्ती 22:37,मत्तय 22:37,ಮತ್ತಾಯ 22:37,Love,True,2026-04-07 08:01,1Why do the nations conspire and the peoples plot in vain? 2The kings of the earth take their stand and the rulers gather together against the Lord and against his Anointed One.,"क्योंत्तक उस शत्तक्तमान ने मेरे त्तलये बडे बडे काम त्तकए हैं, और उसका नाम पत्तवत्र है।",म्हणून तुमचे बोलणे ‘होय’ तख्रि होय कं वा ‘नाही’ एवढेच असावे. त्यापेक्षा जास्त जख्रि असेल तख्रि ते सैतानापासून आहे.,"ಆ ದಹು ಆ--ಅವಾ ದ ನಂದಿದವನೇ, ನಿ ವನಂದ; ಕರ್ಣಹು ನಿನ್ನುನಂದಿಗಿವಾದ್ದ; ಸಿತ್ತುನೇಯಲ್ಲಿ ನಿನೇಹು ಧಕ್ಯನೇ ಎನಂದಹು ನೇಳಿದಹು."
18,James,2,8,James 2:8,याकूब 2:8,याकोब 2:8,ಯಾಕೋಬ 2:8,Love,True,2026-04-07 16:38,1Blessed is the man who does not walk in the counsel of the wicked or stand in the way of sinners or sit in the seat of mockers.,"सो अब, हे मेरे पुत्र, मेरी सुन, और यह आज्ञा मान,",या सवर्मा गोष्टींवरुन आपल्या बापाला आपल्या ुलांनी कोणत्याच कनानी ुलीशी लग्न करु नये असे वाटते हे एसावाला उगले,ಆಹು ಡ್ಡವವಾಗಿದಹುದ್ದ ನೇನ್ನು ಕಹುವಾನಂದಹು ಕಯಪ್ಪಿಹುವಹು; ನೇವವಾದ ಕರ್ಣಹು ಆ ನಂ ವಾದ ವಾವಿನೇದ ಸಿನಂವಾಸವಹುನ್ನು ಆನಿ ಹು ವಹು.
19,John,15,12,John 15:12,यूहन्ना 15:12,योहान 15:12,ಯೋಹಾನ 15:12,Love,True,2026-04-08 08:05,1Blessed is the man who does not walk in the counsel of the wicked or stand in the way of sinners or sit in the seat of mockers.,आनत्तन्दत और मर्न होना क्योंत्तक तुम्हारे त्तलये स्वर्ग में बडा िल है इसत्तलये त्तक उन्होंने उन भत्तवष्यद्वक्ताओं को जो तुम से पत्तहले थे इसी रीत्तत से सताया था॥,"नंतर परमेश्वर सैतानाला म्हणाला. “बरं आहे, तू त्याच्याजवळ असलेल्या वस्तूंचे काहीही करु शकतोस. पण तू त्याच्या अंगाला मात्र हात लावायचा नाहीस.” मग सैतान परमेश्वरापुढून नघून गेला.",ವಾಕಪ್ರಮಿವಾವಾಹು ವಾತ್ತುದವವುಗಳಹುನ್ನು ವಾಡಿವಾದ್ದ; ಆ ಸಹು ರಿಹುದ್ಧವಾದದಹುದ್ದ.
20,John,15,13,John 15:13,यूहन्ना 15:13,योहान 15:13,ಯೋಹಾನ 15:13,Love,True,2026-04-08 16:45,1Blessed is the man who does not walk in the counsel of the wicked or stand in the way of sinners or sit in the seat of mockers.,"तुम पृथ्वी के नमक हो; परन्तु यत्तद नमक का स्वाद त्तबर्ड जाए, तो वह त्तिर त्तकस वस्तु से नमकीन त्तकया जाएर्ा? त्तिर वह त्तकसी काम का नहीं, केवल इस के त्तक बाहर िेंका जाए और मनुष्यों के पैरों तले रौंदा जाए।",एक दवस ईयोबच्या सवार्वांत मोठ्या मुलाकडे त्याची इतर मुले व मुली जेवत होते व द्राक्षारस पीत होते.,ಆಹು ಡ್ಡವವಾಗಿದಹುದ್ದ ನೇನ್ನು ಕಹುವಾನಂದಹು ಕಯಪ್ಪಿಹುವಹು; ನೇವವಾದ ಕರ್ಣಹು ಆ ನಂ ವಾದ ವಾವಿನೇದ ಸಿನಂವಾಸವಹುನ್ನು ಆನಿ ಹು ವಹು.
21,Ephesians,5,2,Ephesians 5:2,इफिसियों 5:2,इफिसकर 5:2,ಎಫೆಸಿಯರು 5:2,Love,True,2026-04-09 08:09,"1O Lord , our Lord, how majestic is your name in all the earth! You have set your glory above the heavens. 2From the lips of children and infants you have ordained praise because of your enemies, to silence the foe and the avenger. 3When I consider your heavens, the work of your fingers, the moon and the stars, which you have set in place, 4what is man that you are mindful of him, the son of man that you care for him? 5You made him a little lower than the heavenly beings and crowned him with glo","और सारे सूररया में उसका यश िैल र्या; और लोर् सब बीमारों को, जो नाना प्रकार की बीमाररयों और दुखों में जकडे हुए थे, और त्तजन में दुिात्माएं थीं और त्तमर्ी वालों और झोले के मारे हुओं को उसके पास लाए और उस ने उन्हें चंर्ा त्तकया।",इस्राएल लोकांना अधिक मुले होत राहली; ते संख्येने फार वाढले व फार बलवान झाले.,ವಾಕಪ್ರಮಿವಾವಾಹು ವಾತ್ತುದವವುಗಳಹುನ್ನು ವಾಡಿವಾದ್ದ; ಆ ಸಹು ರಿಹುದ್ಧವಾದದಹುದ್ದ.
22,1 Corinthians,13,4,1 Corinthians 13:4,1 कुरिन्थियों 13:4,1 करिंथकर 13:4,1 ಕೊರಿಂಥಿಯರು 13:4,Love,True,2026-04-09 16:54,"1The fool says in his heart, ""There is no God."" They are corrupt, their deeds are vile; there is no one who does good. 2The Lord looks down from heaven on the sons of men to see if there are any who understand, any who seek God. 3All have turned aside, they have together become corrupt; there is no one who does good, not even one. 4Will evildoers never learn- those who devour my people as men eat bread and who do not call on the Lord ? 5There they are, overwhelmed with dread, for God is present ","और तेरे त्तलये यह त्तचन्ह होर्ा, त्तक इस वर्षग तो तुम उसे खाओर्े जो आप से आप उर्े, और दूसरे वर्षग उसे जो उत्पन्न हो वह खाओर्े; और तीसरे वर्षग बीज बोने और उसे लवने पाओर्े, और दाख की बाररयां लर्ाने और उनका िल खाने पाओर्े।",योशीयाने परमेश्वराच्या मंदरातून अशेराचा स्तंभ हलवला. तो गावाबाहेर कद्रोन खोऱ्यात नेऊन जाळून टाकला. नंतर त्याने जळलेल्या भागाच्या तुकड्यांची राख के ली. ती सामान्य लोकांच्या थडग्यांवर वखरुन टाकली.,ಆಹು ಡ್ಡವವಾಗಿದಹುದ್ದ ನೇನ್ನು ಕಹುವಾನಂದಹು ಕಯಪ್ಪಿಹುವಹು; ನೇವವಾದ ಕರ್ಣಹು ಆ ನಂ ವಾದ ವಾವಿನೇದ ಸಿನಂವಾಸವಹುನ್ನು ಆನಿ ಹು ವಹು.
23,1 Corinthians,16,14,1 Corinthians 16:14,1 कुरिन्थियों 16:14,1 करिंथकर 16:14,1 ಕೊರಿಂಥಿಯರು 16:14,Love,True,2026-04-10 08:13,"1Hear, O Lord , my righteous plea; listen to my cry. Give ear to my prayer- it does not rise from deceitful lips. 2May my vindication come from you; may your eyes see what is right. 3Though you probe my heart and examine me at night, though you test me, you will find nothing; I have resolved that my mouth will not sin.","क्या वे सब सेवा टहल करने वाली आत्माएं नहीं; जो उिार पाने वालों के त्तलये सेवा करने को भेजी जाती हैं? इब्रात्तियों 2 1 इस कारण चात्तहए, त्तक हम उन बातों पर जो हम ने सुनी हैं और भी मन लर्ाएं, ऐसा न हो त्तक बहक कर उन से दूर चले जाएं। 2 क्योंत्तक जो वचन स्वर्गदूतों के द्वारा कहा र्या था जब वह त्तस्थर रहा और हर एक अपराि और आज्ञा न मानने का ठीक ठीक बदला त्तमला। 3 तो हम लोर् ऐसे बडे उिार से त्तनत्तश्चन्त रह कर क्योंकर बच सकते हैं? त्तजस की चचाग पत्तहले पत्तहल प्रभु के द्वारा हुई, और सुनने वालों के द्वा","परमेश्वराने मोशिेला सांगतले, “तू आपले हात आकाशिाकडे उगार आण मग सवर्व मसरभर गारांच्या वषार्ववाला सुरवात होईल. गारांचा मारा सवर्व लोकांवर, गुराढोरावर आण मसर देशिातील सवर्व शिेतांवर होईल.”",ಆಹು ಡ್ಡವವಾಗಿದಹುದ್ದ ನೇನ್ನು ಕಹುವಾನಂದಹು ಕಯಪ್ಪಿಹುವಹು; ನೇವವಾದ ಕರ್ಣಹು ಆ ನಂ ವಾದ ವಾವಿನೇದ ಸಿನಂವಾಸವಹುನ್ನು ಆನಿ ಹು ವಹು.
24,Romans,12,10,Romans 12:10,रोमियों 12:10,रोमकर 12:10,ರೋಮಾಪುರ 12:10,Love,True,2026-04-10 15:40,1Blessed is the man who does not walk in the counsel of the wicked or stand in the way of sinners or sit in the seat of mockers.,"तुम सुन चुके हो त्तक कहा र्या था, त्तक व्यत्तभचार न करना।","माझ्या प्रार्तानेत मी नेहमी मागतो, जर देवाची इच्छा असेल तर शेवटी मला तुम्हांला भेटता येणे शक्य व्हावे.",ವಾಕಪ್ರಮಿವಾವಾಹು ವಾತ್ತುದವವುಗಳಹುನ್ನು ವಾಡಿವಾದ್ದ; ಆ ಸಹು ರಿಹುದ್ಧವಾದದಹುದ್ದ.
25,Ephesians,4,2,Ephesians 4:2,इफिसियों 4:2,इफिसकर 4:2,ಎಫೆಸಿಯರು 4:2,Love,True,2026-04-11 06:42,"1The fool says in his heart, ""There is no God."" They are corrupt, their deeds are vile; there is no one who does good. 2The Lord looks down from heaven on the sons of men to see if there are any who understand, any who seek God. 3All have turned aside, they have together become corrupt; there is no one who does good, not even one. 4Will evildoers never learn- those who devour my people as men eat bread and who do not call on the Lord ? 5There they are, overwhelmed with dread, for God is present ","और मैं तेरी आयु पन्द्रह वर्षग और बढा दूंर्ा। और अश्शूर के राजा के हाथ से तुझे और इस नर्र को बचाऊं र्ा, और मैं अपने त्तनत्तमि और अपने दास दाऊद के त्तनत्तमि इस नर्र की रक्षा करूं र्ा।","शित्रु म्हणाला, ‘मी त्यांचा पाठलाग करीन, त्यांना गाठीन, मी त्यांची सवर्व संपत्ती लुटून घेईन; त्यामुळे माझा जीव तृप्त होईल. माझ्या तलवारीने त्यांचे सवर्व काही हरावून घेईन; माझ्या हातांनी त्यांचे सवर्वकाही मी स्वत: करता घेईन.’",ಆಹು ಡ್ಡವವಾಗಿದಹುದ್ದ ನೇನ್ನು ಕಹುವಾನಂದಹು ಕಯಪ್ಪಿಹುವಹು; ನೇವವಾದ ಕರ್ಣಹು ಆ ನಂ ವಾದ ವಾವಿನೇದ ಸಿನಂವಾಸವಹುನ್ನು ಆನಿ ಹು ವಹು.
26,Philippians,2,2,Philippians 2:2,फिलिप्पियों 2:2,फिलिप्पैकर 2:2,ಫಿಲಿಪ್ಪಿಯರು 2:2,Love,True,2026-04-11 15:00,1Blessed is the man who does not walk in the counsel of the wicked or stand in the way of sinners or sit in the seat of mockers.,"उस से तुम त्तबन देखे प्रेम रखते हो, और अब तो उस पर त्तबन देखे भी त्तवश्वास करके ऐसे आनत्तन्दत और मर्न होते हो, जो वणगन से बाहर और मत्तहमा से भरा हुआ है।","जेव्हा योसेफ जागा झाला तेव्हा देवदूताने जशी त्याला आज्ञा के ली होती तसेच त्याने के ले, त्याने मख्रिीयेशी लगख्रि के ले.",ವಾಕಪ್ರಮಿವಾವಾಹು ವಾತ್ತುದವವುಗಳಹುನ್ನು ವಾಡಿವಾದ್ದ; ಆ ಸಹು ರಿಹುದ್ಧವಾದದಹುದ್ದ.
27,Ecclesiastes,4,9,Ecclesiastes 4:9,सभोपदेशक 4:9,उपदेशक 4:9,ಪ್ರಸಂಗಿ 4:9,Love,True,2026-04-12 07:52,1Blessed is the man who does not walk in the counsel of the wicked or stand in the way of sinners or sit in the seat of mockers.,"जो कुछ हुआ था, वही त्तिर होर्ा, और जो कुछ बन चुका है वही त्तिर बनाया जाएर्ा; और सूयग के नीचे कोई बात नई नहीं है।",सुरुविातीपासून गोष्टी जशा होत्या तशाच त्या राहतात. जे आता पयर्यंत करण्यात आले तेच करण्यात येणिार. या आयुष्यात नविीन असे काहीच नसते.,ವಾಕಪ್ರಮಿವಾವಾಹು ವಾತ್ತುದವವುಗಳಹುನ್ನು ವಾಡಿವಾದ್ದ; ಆ ಸಹು ರಿಹುದ್ಧವಾದದಹುದ್ದ.
28,Romans,13,10,Romans 13:10,रोमियों 13:10,रोमकर 13:10,ರೋಮಾಪುರ 13:10,Love,True,2026-04-12 15:02,"1O Lord , our Lord, how majestic is your name in all the earth! You have set your glory above the heavens. 2From the lips of children and infants you have ordained praise because of your enemies, to silence the foe and the avenger. 3When I consider your heavens, the work of your fingers, the moon and the stars, which you have set in place, 4what is man that you are mindful of him, the son of man that you care for him? 5You made him a little lower than the heavenly beings and crowned him with glo","त्तक लौटकर मेरी प्रजा के प्रिान त्तहजत्तकय्याह से कह, त्तक तेरे मूलपुरर्ष दाऊद का परमेश्वर यहोवा यों कहता है, त्तक मैं ने तेरी प्राथगना सुनी और तेरे आंसू देखे हैं; देख, मैं तुझे चंर्ा करता हूाँ; परसों तू यहोवा के भवन में जा सकेर्ा।","माझ्या प्रार्तानेत मी नेहमी मागतो, जर देवाची इच्छा असेल तर शेवटी मला तुम्हांला भेटता येणे शक्य व्हावे.",ವಾಕಪ್ರಮಿವಾವಾಹು ವಾತ್ತುದವವುಗಳಹುನ್ನು ವಾಡಿವಾದ್ದ; ಆ ಸಹು ರಿಹುದ್ಧವಾದದಹುದ್ದ.
29,1 Peter,4,8,1 Peter 4:8,1 पतरस 4:8,1 पेत्र 4:8,1 ಪೇತ್ರ 4:8,Love,True,2026-04-13 09:23,"1O Lord , our Lord, how majestic is your name in all the earth! You have set your glory above the heavens. 2From the lips of children and infants you have ordained praise because of your enemies, to silence the foe and the avenger. 3When I consider your heavens, the work of your fingers, the moon and the stars, which you have set in place, 4what is man that you are mindful of him, the son of man that you care for him? 5You made him a little lower than the heavenly beings and crowned him with glo","उस से तुम त्तबन देखे प्रेम रखते हो, और अब तो उस पर त्तबन देखे भी त्तवश्वास करके ऐसे आनत्तन्दत और मर्न होते हो, जो वणगन से बाहर और मत्तहमा से भरा हुआ है।","जरी तुम्ही येशिूला पाहले निाही, तरी तुम्ही त्याच्यावर प्रीत करता. जरी आता तुम्ही त्याच्याकडे पाहू शिकत निसला तरी तुम्ही त्याच्यावर वश्वास ठेवता आण तुम्ही व्यक्त करता येणार निाही, अशिा गौरवी आनिंदानिे भरला आहात.",ಆಹು ಡ್ಡವವಾಗಿದಹುದ್ದ ನೇನ್ನು ಕಹುವಾನಂದಹು ಕಯಪ್ಪಿಹುವಹು; ನೇವವಾದ ಕರ್ಣಹು ಆ ನಂ ವಾದ ವಾವಿನೇದ ಸಿನಂವಾಸವಹುನ್ನು ಆನಿ ಹು ವಹು.
30,1 Timothy,1,5,1 Timothy 1:5,1 तीमुथियुस 1:5,1 तीमथ्य 1:5,1 ತಿಮೊಥೆಯ 1:5,Love,True,2026-04-13 16:48,"1O Lord , our Lord, how majestic is your name in all the earth! You have set your glory above the heavens. 2From the lips of children and infants you have ordained praise because of your enemies, to silence the foe and the avenger. 3When I consider your heavens, the work of your fingers, the moon and the stars, which you have set in place, 4what is man that you are mindful of him, the son of man that you care for him? 5You made him a little lower than the heavenly beings and crowned him with glo","त्तिर इसहाक ने याकूब से कहा, हे मेरे पुत्र, त्तनकट आ, मैं तुझे टटोल कर जानूं, त्तक तू सचमुच मेरा पुत्र ऐसाव है या नहीं।","आण या आज्ञेचे उद्दिष्ट परीत आहे, जी शुद्ध अंत:करणातून, चांगल्या सदसदववेकबुद्धीतून व परामाणक वश्वासातून उगम पावते.",ವಾಕಪ್ರಮಿವಾವಾಹು ವಾತ್ತುದವವುಗಳಹುನ್ನು ವಾಡಿವಾದ್ದ; ಆ ಸಹು ರಿಹುದ್ಧವಾದದಹುದ್ದ.
31,Colossians,3,14,Colossians 3:14,कुलुस्सियों 3:14,कलस्सैकर 3:14,ಕೊಲೊಸ್ಸೆಯರು 3:14,Love,True,2026-04-14 08:17,"1O Lord , our Lord, how majestic is your name in all the earth! You have set your glory above the heavens. 2From the lips of children and infants you have ordained praise because of your enemies, to silence the foe and the avenger. 3When I consider your heavens, the work of your fingers, the moon and the stars, which you have set in place, 4what is man that you are mindful of him, the son of man that you care for him? 5You made him a little lower than the heavenly beings and crowned him with glo","तुम सुन चुके हो त्तक कहा र्या था, त्तक व्यत्तभचार न करना।",पुतख्रिाद्वाख्रिे आम्हांला आमच्या पापांची क्षमा मळाली.,ವಾಕಪ್ರಮಿವಾವಾಹು ವಾತ್ತುದವವುಗಳಹುನ್ನು ವಾಡಿವಾದ್ದ; ಆ ಸಹು ರಿಹುದ್ಧವಾದದಹುದ್ದ.
32,2 Thessalonians,3,5,2 Thessalonians 3:5,2 थिस्सलुनीकियों 3:5,2 थेस्सलनीकाकर 3:5,2 ಥೆಸಲೊನೀಕ 3:5,Love,True,2026-04-14 16:46,"1O Lord , our Lord, how majestic is your name in all the earth! You have set your glory above the heavens. 2From the lips of children and infants you have ordained praise because of your enemies, to silence the foe and the avenger. 3When I consider your heavens, the work of your fingers, the moon and the stars, which you have set in place, 4what is man that you are mindful of him, the son of man that you care for him? 5You made him a little lower than the heavenly beings and crowned him with glo",वह महान होर्ा; और परमप्रिान का पुत्र कहलाएर्ा; और प्रभु परमेश्वर उसके त्तपता दाऊद का त्तसंहासन उस को देर्ा।,"देव त्याच्या न्याय करण्यामध्ये योग्य आहे हा त्याचा पुरावा आहे. त्याचा हेतू हा आहे की ज्यासिाठी आता तुम्हांला त्रासि सिोसिावा लागत आहे, त्या देवाच्या राज्यात प्रवेश करण्यासि तुम्हांला पात्र ठरवले जावे.",ಆಹು ಡ್ಡವವಾಗಿದಹುದ್ದ ನೇನ್ನು ಕಹುವಾನಂದಹು ಕಯಪ್ಪಿಹುವಹು; ನೇವವಾದ ಕರ್ಣಹು ಆ ನಂ ವಾದ ವಾವಿನೇದ ಸಿನಂವಾಸವಹುನ್ನು ಆನಿ ಹು ವಹು.
33,Galatians,5,22,Galatians 5:22,गलातियों 5:22,गलतीकर 5:22,ಗಲಾತ್ಯರು 5:22,Love|Peace,True,2026-04-15 08:21,"1The fool says in his heart, ""There is no God."" They are corrupt, their deeds are vile; there is no one who does good. 2The Lord looks down from heaven on the sons of men to see if there are any who understand, any who seek God. 3All have turned aside, they have together become corrupt; there is no one who does good, not even one. 4Will evildoers never learn- those who devour my people as men eat bread and who do not call on the Lord ? 5There they are, overwhelmed with dread, for God is present ","त्तहजत्तकय्याह ने कहा, छाया का दस अंश आर्े बढना तो हलकी बात है, इसत्तलए ऐसा हो त्तक छाया दस अंश पीछे लौट जाए।",परंतु यहूदीया येथे वश्वासात ज्या ्रस्ताच्या मंडळ्या आहेत त्यांना मी व्यक्तीश: माहीत नव्हतो.,ವಾಕಪ್ರಮಿವಾವಾಹು ವಾತ್ತುದವವುಗಳಹುನ್ನು ವಾಡಿವಾದ್ದ; ಆ ಸಹು ರಿಹುದ್ಧವಾದದಹುದ್ದ.
34,Numbers,6,26,Numbers 6:26,गिनती 6:26,गणना 6:26,ಅರಣ್ಯಕಾಂಡ 6:26,Peace,True,2026-04-15 16:41,1Why do the nations conspire and the peoples plot in vain? 2The kings of the earth take their stand and the rulers gather together against the Lord and against his Anointed One.,"त्तहजत्तकय्याह ने कहा, छाया का दस अंश आर्े बढना तो हलकी बात है, इसत्तलए ऐसा हो त्तक छाया दस अंश पीछे लौट जाए।",पाठोपाठ दुसरिा ुलगा जन्ला तेव्हा त्याने एसावाची टाच हाताने घट्ट धरिली होती; म्हणून त्याचे नाव याकोब असे ठेवले. रिबके ला ही जुळी ुले झाली तेव्हा इसाहक साठ वषार्वांचा होता.,"ಆ ದಹು ಆ--ಅವಾ ದ ನಂದಿದವನೇ, ನಿ ವನಂದ; ಕರ್ಣಹು ನಿನ್ನುನಂದಿಗಿವಾದ್ದ; ಸಿತ್ತುನೇಯಲ್ಲಿ ನಿನೇಹು ಧಕ್ಯನೇ ಎನಂದಹು ನೇಳಿದಹು."
35,Isaiah,26,3,Isaiah 26:3,यशायाह 26:3,यशया 26:3,ಯೆಶಾಯ 26:3,Peace,True,2026-04-16 08:21,"1O Lord , how many are my foes! How many rise up against me! 2Many are saying of me, ""God will not deliver him."" Selah","मैं त्तबन्ती करता हूाँ, स्मरण कर, त्तक मैं सच्चाई और खरे मन से अपने को तेरे सम्मुख जान कर चलता आया हूाँ; और जो तुझे अच्छा तर्ता है वही मैं करता आया हूाँ। तब त्तहजत्तकय्याह त्तबलक त्तबलक कर रोया।","एर, ओनान व शेला, ही यहूदाची मुले. बथ - शूवा या कनानी स्रीपासून ही त्याला झाली. यहूदाचा पहला मुलगा एर वाईट प्रवृत्तीचा आहे हे परमेश्वराने जाणिले होते त्यामुळे एरला त्याने मारुन टाकले.","ಆ ದಹು ಆ--ಅವಾ ದ ನಂದಿದವನೇ, ನಿ ವನಂದ; ಕರ್ಣಹು ನಿನ್ನುನಂದಿಗಿವಾದ್ದ; ಸಿತ್ತುನೇಯಲ್ಲಿ ನಿನೇಹು ಧಕ್ಯನೇ ಎನಂದಹು ನೇಳಿದಹು."
36,Psalm,29,11,Psalm 29:11,भजन संहिता 29:11,स्तोत्र 29:11,ಕೀರ್ತನೆಗಳು 29:11,Peace,True,2026-04-16 17:02,"1In the Lord I take refuge. How then can you say to me: ""Flee like a bird to your mountain. 2For look, the wicked bend their bows; they set their arrows against the strings to shoot from the shadows at the upright in heart. 3When the foundations are being destroyed, what can the righteous do ?"" 4The Lord is in his holy temple; the Lord is on his heavenly throne. He observes the sons of men; his eyes examine them. 5The Lord examines the righteous, but the wicked and those who love violence his so","न िरती की, क्योंत्तक वह उसके पांवों की चौकी है; न यरूशलेम की, क्योंत्तक वह महाराजा का नर्र है।",मग तेथेच परमेश्वरासमोर दशिर्वन मंडपाच्या दारापाशिी त्या गोऱ्ह्याचा वधि करावा; परमेश्वर हे सवर्व पाहील.,ಆಹು ಡ್ಡವವಾಗಿದಹುದ್ದ ನೇನ್ನು ಕಹುವಾನಂದಹು ಕಯಪ್ಪಿಹುವಹು; ನೇವವಾದ ಕರ್ಣಹು ಆ ನಂ ವಾದ ವಾವಿನೇದ ಸಿನಂವಾಸವಹುನ್ನು ಆನಿ ಹು ವಹು.
37,Psalm,119,165,Psalm 119:165,भजन संहिता 119:165,स्तोत्र 119:165,ಕೀರ್ತನೆಗಳು 119:165,Peace,True,2026-04-17 08:20,"1O Lord , our Lord, how majestic is your name in all the earth! You have set your glory above the heavens. 2From the lips of children and infants you have ordained praise because of your enemies, to silence the foe and the avenger. 3When I consider your heavens, the work of your fingers, the moon and the stars, which you have set in place, 4what is man that you are mindful of him, the son of man that you care for him? 5You made him a little lower than the heavenly beings and crowned him with glo",1 पूवग युर् में परमेश्वर ने बाप दादों से थोडा थोडा करके और भांत्तत भांत्तत से भत्तवष्यद्वक्ताओं के द्वारा बातें कर के ।,"एलकानाला दोन बायका होत्या. एकीचे नाव हन्ना आणि दुसरीचे पनन्ना. पनन्नाला मुलंबाळं होती, पणि हन्नाला मात्र अजून मूल झाले नव्हते.","ಆ ದಹು ಆ--ಅವಾ ದ ನಂದಿದವನೇ, ನಿ ವನಂದ; ಕರ್ಣಹು ನಿನ್ನುನಂದಿಗಿವಾದ್ದ; ಸಿತ್ತುನೇಯಲ್ಲಿ ನಿನೇಹು ಧಕ್ಯನೇ ಎನಂದಹು ನೇಳಿದಹು."
38,Isaiah,54,10,Isaiah 54:10,यशायाह 54:10,यशया 54:10,ಯೆಶಾಯ 54:10,Peace,True,2026-04-17 16:17,1Blessed is the man who does not walk in the counsel of the wicked or stand in the way of sinners or sit in the seat of mockers.,"त्तहजत्तकय्याह ने कहा, छाया का दस अंश आर्े बढना तो हलकी बात है, इसत्तलए ऐसा हो त्तक छाया दस अंश पीछे लौट जाए।",अम्मीनादाब हा रामचा मुलगा. अम्मीनादाब हा नहशोनचा पता. नहशोन हा यहूदाच्या लोकांचा नेता होता.,ವಾಕಪ್ರಮಿವಾವಾಹು ವಾತ್ತುದವವುಗಳಹುನ್ನು ವಾಡಿವಾದ್ದ; ಆ ಸಹು ರಿಹುದ್ಧವಾದದಹುದ್ದ.
39,Psalm,4,8,Psalm 4:8,भजन संहिता 4:8,स्तोत्र 4:8,ಕೀರ್ತನೆಗಳು 4:8,Peace,True,2026-04-18 06:52,"1O Lord , our Lord, how majestic is your name in all the earth! You have set your glory above the heavens. 2From the lips of children and infants you have ordained praise because of your enemies, to silence the foe and the avenger. 3When I consider your heavens, the work of your fingers, the moon and the stars, which you have set in place, 4what is man that you are mindful of him, the son of man that you care for him? 5You made him a little lower than the heavenly beings and crowned him with glo","क्या वे सब सेवा टहल करने वाली आत्माएं नहीं; जो उिार पाने वालों के त्तलये सेवा करने को भेजी जाती हैं? इब्रात्तियों 2 1 इस कारण चात्तहए, त्तक हम उन बातों पर जो हम ने सुनी हैं और भी मन लर्ाएं, ऐसा न हो त्तक बहक कर उन से दूर चले जाएं। 2 क्योंत्तक जो वचन स्वर्गदूतों के द्वारा कहा र्या था जब वह त्तस्थर रहा और हर एक अपराि और आज्ञा न मानने का ठीक ठीक बदला त्तमला। 3 तो हम लोर् ऐसे बडे उिार से त्तनत्तश्चन्त रह कर क्योंकर बच सकते हैं? त्तजस की चचाग पत्तहले पत्तहल प्रभु के द्वारा हुई, और सुनने वालों के द्वा",सभोवती अंगण कर व मग त्याच्या प्रवेशिदारापाशिी पडदा लाव.,ಆಹು ಡ್ಡವವಾಗಿದಹುದ್ದ ನೇನ್ನು ಕಹುವಾನಂದಹು ಕಯಪ್ಪಿಹುವಹು; ನೇವವಾದ ಕರ್ಣಹು ಆ ನಂ ವಾದ ವಾವಿನೇದ ಸಿನಂವಾಸವಹುನ್ನು ಆನಿ ಹು ವಹು.
40,Proverbs,3,17,Proverbs 3:17,नीतिवचन 3:17,नीतिसूत्रे 3:17,ಜ್ಞಾನೋಕ್ತಿಗಳು 3:17,Peace,True,2026-04-18 15:07,1Blessed is the man who does not walk in the counsel of the wicked or stand in the way of sinners or sit in the seat of mockers.,"िन्य हैं वे, जो मन के दीन हैं, क्योंत्तक स्वर्ग का राज्य उन्हीं का है।","आज्ञाधारक मुलांप्रमणे वागा व तुम्ही अज्ञानिी असतानिा, तुम्हांला पूवर्वी ज्या दुष्ट इच्छा होत्या त्याप्रमाणे तुमच्या जीवनिाला आकार देण्याचे थांबिवा.",ವಾಕಪ್ರಮಿವಾವಾಹು ವಾತ್ತುದವವುಗಳಹುನ್ನು ವಾಡಿವಾದ್ದ; ಆ ಸಹು ರಿಹುದ್ಧವಾದದಹುದ್ದ.
41,Isaiah,9,6,Isaiah 9:6,यशायाह 9:6,यशया 9:6,ಯೆಶಾಯ 9:6,Peace,True,2026-04-19 07:55,"1The fool says in his heart, ""There is no God."" They are corrupt, their deeds are vile; there is no one who does good. 2The Lord looks down from heaven on the sons of men to see if there are any who understand, any who seek God. 3All have turned aside, they have together become corrupt; there is no one who does good, not even one. 4Will evildoers never learn- those who devour my people as men eat bread and who do not call on the Lord ? 5There they are, overwhelmed with dread, for God is present ","और मैं तेरी आयु पन्द्रह वर्षग और बढा दूंर्ा। और अश्शूर के राजा के हाथ से तुझे और इस नर्र को बचाऊं र्ा, और मैं अपने त्तनत्तमि और अपने दास दाऊद के त्तनत्तमि इस नर्र की रक्षा करूं र्ा।",योशीयाने परमेश्वराच्या मंदरातून अशेराचा स्तंभ हलवला. तो गावाबाहेर कद्रोन खोऱ्यात नेऊन जाळून टाकला. नंतर त्याने जळलेल्या भागाच्या तुकड्यांची राख के ली. ती सामान्य लोकांच्या थडग्यांवर वखरुन टाकली.,ವಾಕಪ್ರಮಿವಾವಾಹು ವಾತ್ತುದವವುಗಳಹುನ್ನು ವಾಡಿವಾದ್ದ; ಆ ಸಹು ರಿಹುದ್ಧವಾದದಹುದ್ದ.
42,Isaiah,53,5,Isaiah 53:5,यशायाह 53:5,यशया 53:5,ಯೆಶಾಯ 53:5,Peace,True,2026-04-19 15:06,1Blessed is the man who does not walk in the counsel of the wicked or stand in the way of sinners or sit in the seat of mockers.,"त्तक लौटकर मेरी प्रजा के प्रिान त्तहजत्तकय्याह से कह, त्तक तेरे मूलपुरर्ष दाऊद का परमेश्वर यहोवा यों कहता है, त्तक मैं ने तेरी प्राथगना सुनी और तेरे आंसू देखे हैं; देख, मैं तुझे चंर्ा करता हूाँ; परसों तू यहोवा के भवन में जा सकेर्ा।",न्यायालयातील खटल्याचा नवाडा करण्यासाठी जर चांगले लोक एकत्र आले तर वाईट लोकांना अपराधी ठरवले जाईल ते पापीलोक नरपराध ठरवले जाणार नाहीत.,ವಾಕಪ್ರಮಿವಾವಾಹು ವಾತ್ತುದವವುಗಳಹುನ್ನು ವಾಡಿವಾದ್ದ; ಆ ಸಹು ರಿಹುದ್ಧವಾದದಹುದ್ದ.
43,John,14,27,John 14:27,यूहन्ना 14:27,योहान 14:27,ಯೋಹಾನ 14:27,Peace,True,2026-04-20 09:31,"1O Lord , our Lord, how majestic is your name in all the earth! You have set your glory above the heavens. 2From the lips of children and infants you have ordained praise because of your enemies, to silence the foe and the avenger. 3When I consider your heavens, the work of your fingers, the moon and the stars, which you have set in place, 4what is man that you are mindful of him, the son of man that you care for him? 5You made him a little lower than the heavenly beings and crowned him with glo","तुम सुन चुके हो त्तक कहा र्या था, त्तक व्यत्तभचार न करना।",आणि त्यापख्रिमाणिे तुम्ही आम्हांस काही अंशी जाणिता की पख्रिभु येशूच्या दवशी जसे आम्ही तुमच्यावषियी अभमान बाळगतो तसे तुम्हीही आमच्यावषियी अभमान बाळगता.,"ಆ ದಹು ಆ--ಅವಾ ದ ನಂದಿದವನೇ, ನಿ ವನಂದ; ಕರ್ಣಹು ನಿನ್ನುನಂದಿಗಿವಾದ್ದ; ಸಿತ್ತುನೇಯಲ್ಲಿ ನಿನೇಹು ಧಕ್ಯನೇ ಎನಂದಹು ನೇಳಿದಹು."
44,John,16,33,John 16:33,यूहन्ना 16:33,योहान 16:33,ಯೋಹಾನ 16:33,Peace,True,2026-04-20 14:30,1Blessed is the man who does not walk in the counsel of the wicked or stand in the way of sinners or sit in the seat of mockers.,"त्तिर तुम सुन चुके हो, त्तक पूवगकाल के लोर्ों से कहा र्या था त्तक झूठी शपथ न खाना, परन्तु प्रभु के त्तलये अपनी शपथ को पूरी करना।",ग रिबके ची प्रिसूतीची वेळ आली तेव्हा तला जुळी ुले झाली;,"ಆ ದಹು ಆ--ಅವಾ ದ ನಂದಿದವನೇ, ನಿ ವನಂದ; ಕರ್ಣಹು ನಿನ್ನುನಂದಿಗಿವಾದ್ದ; ಸಿತ್ತುನೇಯಲ್ಲಿ ನಿನೇಹು ಧಕ್ಯನೇ ಎನಂದಹು ನೇಳಿದಹು."
45,Romans,5,1,Romans 5:1,रोमियों 5:1,रोमकर 5:1,ರೋಮಾಪುರ 5:1,Peace,True,2026-04-21 05:30,1Why do the nations conspire and the peoples plot in vain? 2The kings of the earth take their stand and the rulers gather together against the Lord and against his Anointed One.,और आज्ञाकारी बालकों की नाई ं अपनी अज्ञानता के समय की पुरानी अत्तभलार्षाओं के सदृश न बनो।,"प्रेषित होण्यासाठी पाचारण के लेला; देवाची सुवातार्ता सांगण्यासाठी वेगळा के लेला ्रस्त येशूचा सेवक पौल याजकडून,",ಆಹು ಡ್ಡವವಾಗಿದಹುದ್ದ ನೇನ್ನು ಕಹುವಾನಂದಹು ಕಯಪ್ಪಿಹುವಹು; ನೇವವಾದ ಕರ್ಣಹು ಆ ನಂ ವಾದ ವಾವಿನೇದ ಸಿನಂವಾಸವಹುನ್ನು ಆನಿ ಹು ವಹು.
46,Colossians,1,20,Colossians 1:20,कुलुस्सियों 1:20,कलस्सैकर 1:20,ಕೊಲೊಸ್ಸೆಯರು 1:20,Peace,True,2026-04-21 14:46,"1The fool says in his heart, ""There is no God."" They are corrupt, their deeds are vile; there is no one who does good. 2The Lord looks down from heaven on the sons of men to see if there are any who understand, any who seek God. 3All have turned aside, they have together become corrupt; there is no one who does good, not even one. 4Will evildoers never learn- those who devour my people as men eat bread and who do not call on the Lord ? 5There they are, overwhelmed with dread, for God is present ","न िरती की, क्योंत्तक वह उसके पांवों की चौकी है; न यरूशलेम की, क्योंत्तक वह महाराजा का नर्र है।","आणि ख्रिस्ताद्वाख्रिे सवर्थ ोष्टर्ष्टींचा स्वत:शी म्हणिजे त्या पृवीवख्रिील ोष्टी असोत, कं वा स्वाार्गांतील ोष्टी असोत समेट कख्रिण्याचे ठख्रिवले. ख्रिस्ताने जे ख्रिक्त वधस्तंभावख्रि सांडले त्याद्वाख्रिे देवाने शांत के ली.",ವಾಕಪ್ರಮಿವಾವಾಹು ವಾತ್ತುದವವುಗಳಹುನ್ನು ವಾಡಿವಾದ್ದ; ಆ ಸಹು ರಿಹುದ್ಧವಾದದಹುದ್ದ.
47,Philippians,4,7,Philippians 4:7,फिलिप्पियों 4:7,फिलिप्पैकर 4:7,ಫಿಲಿಪ್ಪಿಯರು 4:7,Peace,True,2026-04-22 05:28,"1O Lord , our Lord, how majestic is your name in all the earth! You have set your glory above the heavens. 2From the lips of children and infants you have ordained praise because of your enemies, to silence the foe and the avenger. 3When I consider your heavens, the work of your fingers, the moon and the stars, which you have set in place, 4what is man that you are mindful of him, the son of man that you care for him? 5You made him a little lower than the heavenly beings and crowned him with glo","पर जैसा तुम्हारा बुलाने वाला पत्तवत्र है, वैसे ही तुम भी अपने सारे चाल चलन में पत्तवत्र बनो।","प्रेषित होण्यासाठी पाचारण के लेला; देवाची सुवातार्ता सांगण्यासाठी वेगळा के लेला ्रस्त येशूचा सेवक पौल याजकडून,",ವಾಕಪ್ರಮಿವಾವಾಹು ವಾತ್ತುದವವುಗಳಹುನ್ನು ವಾಡಿವಾದ್ದ; ಆ ಸಹು ರಿಹುದ್ಧವಾದದಹುದ್ದ.
48,Colossians,3,15,Colossians 3:15,कुलुस्सियों 3:15,कलस्सैकर 3:15,ಕೊಲೊಸ್ಸೆಯರು 3:15,Peace,True,2026-04-22 14:43,1Blessed is the man who does not walk in the counsel of the wicked or stand in the way of sinners or sit in the seat of mockers.,पर त्तनदोर्ष और त्तनष्कलंक मेम्ने अथागत मसीह के बहुमूल्य लोहू के द्वारा हुआ।,तो अदृश्य देवाची पख्रितमा आहे आणि नमार्थणि के लेल्या सवर्थ ोष्टीत तो पख्रिथम आहे.,ಆಹು ಡ್ಡವವಾಗಿದಹುದ್ದ ನೇನ್ನು ಕಹುವಾನಂದಹು ಕಯಪ್ಪಿಹುವಹು; ನೇವವಾದ ಕರ್ಣಹು ಆ ನಂ ವಾದ ವಾವಿನೇದ ಸಿನಂವಾಸವಹುನ್ನು ಆನಿ ಹು ವಹು.
49,Romans,12,18,Romans 12:18,रोमियों 12:18,रोमकर 12:18,ರೋಮಾಪುರ 12:18,Peace,True,2026-04-23 05:34,"1Hear, O Lord , my righteous plea; listen to my cry. Give ear to my prayer- it does not rise from deceitful lips. 2May my vindication come from you; may your eyes see what is right. 3Though you probe my heart and examine me at night, though you test me, you will find nothing; I have resolved that my mouth will not sin.","न िरती की, क्योंत्तक वह उसके पांवों की चौकी है; न यरूशलेम की, क्योंत्तक वह महाराजा का नर्र है।","लोकांनी के लेल्या प्रत्येक अनतीच्या कृ त्यांमुळे व जे आपल्या अनीतीने सत्य दाबून ठेवतात, त्यांच्यामुळे स्वगार्तातून देवाचा क् रोध प्रगट होतो.","ಆ ದಹು ಆ--ಅವಾ ದ ನಂದಿದವನೇ, ನಿ ವನಂದ; ಕರ್ಣಹು ನಿನ್ನುನಂದಿಗಿವಾದ್ದ; ಸಿತ್ತುನೇಯಲ್ಲಿ ನಿನೇಹು ಧಕ್ಯನೇ ಎನಂದಹು ನೇಳಿದಹು."
50,Hebrews,12,14,Hebrews 12:14,इब्रानियों 12:14,इब्री 12:14,ಇಬ್ರಿಯರು 12:14,Peace|Holiness,True,2026-04-23 15:09,"1I will praise you, O Lord , with all my heart; I will tell of all your wonders. 2I will be glad and rejoice in you; I will sing praise to your name, O Most High.","क्या वे सब सेवा टहल करने वाली आत्माएं नहीं; जो उिार पाने वालों के त्तलये सेवा करने को भेजी जाती हैं? इब्रात्तियों 2 1 इस कारण चात्तहए, त्तक हम उन बातों पर जो हम ने सुनी हैं और भी मन लर्ाएं, ऐसा न हो त्तक बहक कर उन से दूर चले जाएं। 2 क्योंत्तक जो वचन स्वर्गदूतों के द्वारा कहा र्या था जब वह त्तस्थर रहा और हर एक अपराि और आज्ञा न मानने का ठीक ठीक बदला त्तमला। 3 तो हम लोर् ऐसे बडे उिार से त्तनत्तश्चन्त रह कर क्योंकर बच सकते हैं? त्तजस की चचाग पत्तहले पत्तहल प्रभु के द्वारा हुई, और सुनने वालों के द्वा",“अशिा रीतीने आजची रात्र कायमची तुमच्या आठवणीत राहील. हा दवस तुम्हासाठी वशिेष उत्सवाचा म्हणजे सणाचा दवस असेल. तुमच्या वंशिजांनी येथून पुढे हा सण पढ्यानपढ्या कायमचा नयम म्हणून पाळावा.,ಆಹು ಡ್ಡವವಾಗಿದಹುದ್ದ ನೇನ್ನು ಕಹುವಾನಂದಹು ಕಯಪ್ಪಿಹುವಹು; ನೇವವಾದ ಕರ್ಣಹು ಆ ನಂ ವಾದ ವಾವಿನೇದ ಸಿನಂವಾಸವಹುನ್ನು ಆನಿ ಹು ವಹು.
51,Matthew,5,9,Matthew 5:9,मत्ती 5:9,मत्तय 5:9,ಮತ್ತಾಯ 5:9,Peace,True,2026-04-24 05:37,"1I will praise you, O Lord , with all my heart; I will tell of all your wonders. 2I will be glad and rejoice in you; I will sing praise to your name, O Most High.","सो वह अपने त्तपता के पास र्या, और कहा, हे मेरे त्तपता: उसने कहा क्या बात है? हे मेरे पुत्र, तू कौन है?",उज्जीया योथामचा पता होता. योथाम आहाजचा पता होता. आहाज हज्कीयाचा पता होता.,ಆಹು ಡ್ಡವವಾಗಿದಹುದ್ದ ನೇನ್ನು ಕಹುವಾನಂದಹು ಕಯಪ್ಪಿಹುವಹು; ನೇವವಾದ ಕರ್ಣಹು ಆ ನಂ ವಾದ ವಾವಿನೇದ ಸಿನಂವಾಸವಹುನ್ನು ಆನಿ ಹು ವಹು.
52,James,3,18,James 3:18,याकूब 3:18,याकोब 3:18,ಯಾಕೋಬ 3:18,Peace,True,2026-04-24 14:30,1Why do the nations conspire and the peoples plot in vain? 2The kings of the earth take their stand and the rulers gather together against the Lord and against his Anointed One.,"सो वह अपने त्तपता के पास र्या, और कहा, हे मेरे त्तपता: उसने कहा क्या बात है? हे मेरे पुत्र, तू कौन है?","लेआ म्हणाली, “देवाने ाझ्या कृ त्याचे ला बक्षीस दले आहे कारिण ी ाझी दासी ाझ्या नवऱ्याला दली.” तेव्हा लेआने आपल्या ुलाचे नाव इस्साखारि ठेवले.",ವಾಕಪ್ರಮಿವಾವಾಹು ವಾತ್ತುದವವುಗಳಹುನ್ನು ವಾಡಿವಾದ್ದ; ಆ ಸಹು ರಿಹುದ್ಧವಾದದಹುದ್ದ.
53,2 Thessalonians,3,16,2 Thessalonians 3:16,2 थिस्सलुनीकियों 3:16,2 थेस्सलनीकाकर 3:16,2 ಥೆಸಲೊನೀಕ 3:16,Peace,True,2026-04-25 05:14,"1I will praise you, O Lord , with all my heart; I will tell of all your wonders. 2I will be glad and rejoice in you; I will sing praise to your name, O Most High.","यत्तद तेरी दात्तहनी आंख तुझे ठोकर त्तखलाए, तो उसे त्तनकालकर अपने पास से िेंक दे; क्योंत्तक तेरे त्तलये यही भला है त्तक तेरे अंर्ों में से एक नाश हो जाए और तेरा सारा शरीर नरक में न डाला जाए।",आता प्रभु येशू ्रस्त स्वत: आणि देव आमचा पता ज्याने आम्हावर प्रेम के ले आणि ज्याने आपल्या कृ पेमध्ये आम्हाला अनंतकाळचे सिमाधान आणि चांगली आशा दली.,"ಆ ದಹು ಆ--ಅವಾ ದ ನಂದಿದವನೇ, ನಿ ವನಂದ; ಕರ್ಣಹು ನಿನ್ನುನಂದಿಗಿವಾದ್ದ; ಸಿತ್ತುನೇಯಲ್ಲಿ ನಿನೇಹು ಧಕ್ಯನೇ ಎನಂದಹು ನೇಳಿದಹು."
54,1 Peter,5,14,1 Peter 5:14,1 पतरस 5:14,1 पेत्र 5:14,1 ಪೇತ್ರ 5:14,Peace,True,2026-04-25 14:00,1Why do the nations conspire and the peoples plot in vain? 2The kings of the earth take their stand and the rulers gather together against the Lord and against his Anointed One.,और आज्ञाकारी बालकों की नाई ं अपनी अज्ञानता के समय की पुरानी अत्तभलार्षाओं के सदृश न बनो।,"आज्ञाधारक मुलांप्रमणे वागा व तुम्ही अज्ञानिी असतानिा, तुम्हांला पूवर्वी ज्या दुष्ट इच्छा होत्या त्याप्रमाणे तुमच्या जीवनिाला आकार देण्याचे थांबिवा.",ವಾಕಪ್ರಮಿವಾವಾಹು ವಾತ್ತುದವವುಗಳಹುನ್ನು ವಾಡಿವಾದ್ದ; ಆ ಸಹು ರಿಹುದ್ಧವಾದದಹುದ್ದ.
55,Leviticus,11,44,Leviticus 11:44,लेवीय 11:44,लेवीय 11:44,ಯಾಜಕಕಾಂಡ 11:44,Holiness,True,2026-04-26 05:44,1Blessed is the man who does not walk in the counsel of the wicked or stand in the way of sinners or sit in the seat of mockers.,"िन्य हैं वे, जो मन के दीन हैं, क्योंत्तक स्वर्ग का राज्य उन्हीं का है।",आणि त्यापख्रिमाणिे तुम्ही आम्हांस काही अंशी जाणिता की पख्रिभु येशूच्या दवशी जसे आम्ही तुमच्यावषियी अभमान बाळगतो तसे तुम्हीही आमच्यावषियी अभमान बाळगता.,ಆಹು ಡ್ಡವವಾಗಿದಹುದ್ದ ನೇನ್ನು ಕಹುವಾನಂದಹು ಕಯಪ್ಪಿಹುವಹು; ನೇವವಾದ ಕರ್ಣಹು ಆ ನಂ ವಾದ ವಾವಿನೇದ ಸಿನಂವಾಸವಹುನ್ನು ಆನಿ ಹು ವಹು.
56,Leviticus,19,2,Leviticus 19:2,लेवीय 19:2,लेवीय 19:2,ಯಾಜಕಕಾಂಡ 19:2,Holiness,True,2026-04-26 14:02,"1O Lord , how many are my foes! How many rise up against me! 2Many are saying of me, ""God will not deliver him."" Selah","त्तिरौन ने कहा, यहोवा कौन है, त्तक मैं उसका वचन मानकर इस्राएत्तलयों को जाने दूं? मैं यहोवा को नहीं जानता, और मैं इस्राएत्तलयों को नहीं जाने दूंर्ा।",“इस्राएल लोकांना असे सांग: की जेव्हा तुम्ही परमेश्वराला पूबली अपर्शता तेव्हा तो प्राणी तुमच्या पाळीव गुराढोरांच्या खिल्लारांतील कं वा ेरडांमेढारांच्या कळपातील असावा.,ಆಹು ಡ್ಡವವಾಗಿದಹುದ್ದ ನೇನ್ನು ಕಹುವಾನಂದಹು ಕಯಪ್ಪಿಹುವಹು; ನೇವವಾದ ಕರ್ಣಹು ಆ ನಂ ವಾದ ವಾವಿನೇದ ಸಿನಂವಾಸವಹುನ್ನು ಆನಿ ಹು ವಹು.
57,1 Samuel,2,2,1 Samuel 2:2,1 शमूएल 2:2,1 शमुवेल 2:2,1 ಸಮುವೇಲ 2:2,Holiness,True,2026-04-27 05:57,"1Hear, O Lord , my righteous plea; listen to my cry. Give ear to my prayer- it does not rise from deceitful lips. 2May my vindication come from you; may your eyes see what is right. 3Though you probe my heart and examine me at night, though you test me, you will find nothing; I have resolved that my mouth will not sin.","और उसके दो पत्तत्नयां थीं; एक का तो नाम हन्ना और दूसरी का पत्तनन्ना था। और पत्तनन्ना के तो बालक हुए, परन्तु हन्ना के कोई बालक न हुआ।","एलकानाला दोन बायका होत्या. एकीचे नाव हन्ना आणि दुसरीचे पनन्ना. पनन्नाला मुलंबाळं होती, पणि हन्नाला मात्र अजून मूल झाले नव्हते.","ಆ ದಹು ಆ--ಅವಾ ದ ನಂದಿದವನೇ, ನಿ ವನಂದ; ಕರ್ಣಹು ನಿನ್ನುನಂದಿಗಿವಾದ್ದ; ಸಿತ್ತುನೇಯಲ್ಲಿ ನಿನೇಹು ಧಕ್ಯನೇ ಎನಂದಹು ನೇಳಿದಹು."
58,Isaiah,6,3,Isaiah 6:3,यशायाह 6:3,यशया 6:3,ಯೆಶಾಯ 6:3,Holiness,True,2026-04-27 15:01,1Blessed is the man who does not walk in the counsel of the wicked or stand in the way of sinners or sit in the seat of mockers.,"मैं त्तबन्ती करता हूाँ, स्मरण कर, त्तक मैं सच्चाई और खरे मन से अपने को तेरे सम्मुख जान कर चलता आया हूाँ; और जो तुझे अच्छा तर्ता है वही मैं करता आया हूाँ। तब त्तहजत्तकय्याह त्तबलक त्तबलक कर रोया।","एर, ओनान व शेला, ही यहूदाची मुले. बथ - शूवा या कनानी स्रीपासून ही त्याला झाली. यहूदाचा पहला मुलगा एर वाईट प्रवृत्तीचा आहे हे परमेश्वराने जाणिले होते त्यामुळे एरला त्याने मारुन टाकले.","ಆ ದಹು ಆ--ಅವಾ ದ ನಂದಿದವನೇ, ನಿ ವನಂದ; ಕರ್ಣಹು ನಿನ್ನುನಂದಿಗಿವಾದ್ದ; ಸಿತ್ತುನೇಯಲ್ಲಿ ನಿನೇಹು ಧಕ್ಯನೇ ಎನಂದಹು ನೇಳಿದಹು."
59,Psalm,99,9,Psalm 99:9,भजन संहिता 99:9,स्तोत्र 99:9,ಕೀರ್ತನೆಗಳು 99:9,Holiness,True,2026-04-28 06:11,"1I will praise you, O Lord , with all my heart; I will tell of all your wonders. 2I will be glad and rejoice in you; I will sing praise to your name, O Most High.","सो ऐसा ही महायाजक हमारे योग्य था, जो पत्तवत्र, और त्तनष्कपट और त्तनमगल, और पात्तपयों से अलर्, और स्वर्ग से भी ऊं चा त्तकया हुआ हो।","शित्रु म्हणाला, ‘मी त्यांचा पाठलाग करीन, त्यांना गाठीन, मी त्यांची सवर्व संपत्ती लुटून घेईन; त्यामुळे माझा जीव तृप्त होईल. माझ्या तलवारीने त्यांचे सवर्व काही हरावून घेईन; माझ्या हातांनी त्यांचे सवर्वकाही मी स्वत: करता घेईन.’",ಆಹು ಡ್ಡವವಾಗಿದಹುದ್ದ ನೇನ್ನು ಕಹುವಾನಂದಹು ಕಯಪ್ಪಿಹುವಹು; ನೇವವಾದ ಕರ್ಣಹು ಆ ನಂ ವಾದ ವಾವಿನೇದ ಸಿನಂವಾಸವಹುನ್ನು ಆನಿ ಹು ವಹು.
60,Psalm,145,17,Psalm 145:17,भजन संहिता 145:17,स्तोत्र 145:17,ಕೀರ್ತನೆಗಳು 145:17,Holiness,True,2026-04-28 15:23,"1Hear, O Lord , my righteous plea; listen to my cry. Give ear to my prayer- it does not rise from deceitful lips. 2May my vindication come from you; may your eyes see what is right. 3Though you probe my heart and examine me at night, though you test me, you will find nothing; I have resolved that my mouth will not sin.","पर जैसा तुम्हारा बुलाने वाला पत्तवत्र है, वैसे ही तुम भी अपने सारे चाल चलन में पत्तवत्र बनो।","तू तुझ्या लोकांना तुझ्या वतनाच्या पवर्वतावर घेऊन जाशिील; हे परमेश्वरा, तू त्यांना तुझ्या सहांसनासाठी तयार के लेल्या ठकाणाजवळ राहू देशिील, व तू हे परमेश्वरा तू तुझे मंदर बांधिशिील.","ಆ ದಹು ಆ--ಅವಾ ದ ನಂದಿದವನೇ, ನಿ ವನಂದ; ಕರ್ಣಹು ನಿನ್ನುನಂದಿಗಿವಾದ್ದ; ಸಿತ್ತುನೇಯಲ್ಲಿ ನಿನೇಹು ಧಕ್ಯನೇ ಎನಂದಹು ನೇಳಿದಹು."
61,Habakkuk,1,13,Habakkuk 1:13,हबक्कूक 1:13,हबक्कूक 1:13,ಹಬಕ್ಕೂಕ 1:13,Holiness,True,2026-04-29 05:56,1Blessed is the man who does not walk in the counsel of the wicked or stand in the way of sinners or sit in the seat of mockers.,"तेरी आंखें ऐसी शुि हैं त्तक तू बुराई को देख ही नहीं सकता, और उत्पात को देखकर चुप नहीं रह सकता; त्तिर तू त्तवश्वासघात्ततयों को क्यों देखता रहता, और जब दुि त्तनदोर्ष को त्तनर्ल जाता है, तब तू क्यों चुप रहता है?",हे पत्र ्रस्तामधील जे बंधु माझ्याबरोबर आहेत त्यांच्याकडूनही आहे. आण हे गलतीयायेथील मंडळ्यांना(वश्वासणाऱ्यांच्या गटांना) लहले आहे.,"ಆ ದಹು ಆ--ಅವಾ ದ ನಂದಿದವನೇ, ನಿ ವನಂದ; ಕರ್ಣಹು ನಿನ್ನುನಂದಿಗಿವಾದ್ದ; ಸಿತ್ತುನೇಯಲ್ಲಿ ನಿನೇಹು ಧಕ್ಯನೇ ಎನಂದಹು ನೇಳಿದಹು."
62,Psalm,96,9,Psalm 96:9,भजन संहिता 96:9,स्तोत्र 96:9,ಕೀರ್ತನೆಗಳು 96:9,Holiness,True,2026-04-29 15:06,"1I will praise you, O Lord , with all my heart; I will tell of all your wonders. 2I will be glad and rejoice in you; I will sing praise to your name, O Most High.","और स्वर्गदूत ने उसके पास भीतर आकर कहा; आनन्द और जय तेरी हो, त्तजस पर ईश्वर का अनुग्रह हुआ है, प्रभु तेरे साथ है।","शित्रु म्हणाला, ‘मी त्यांचा पाठलाग करीन, त्यांना गाठीन, मी त्यांची सवर्व संपत्ती लुटून घेईन; त्यामुळे माझा जीव तृप्त होईल. माझ्या तलवारीने त्यांचे सवर्व काही हरावून घेईन; माझ्या हातांनी त्यांचे सवर्वकाही मी स्वत: करता घेईन.’",ವಾಕಪ್ರಮಿವಾವಾಹು ವಾತ್ತುದವವುಗಳಹುನ್ನು ವಾಡಿವಾದ್ದ; ಆ ಸಹು ರಿಹುದ್ಧವಾದದಹುದ್ದ.
63,Exodus,15,11,Exodus 15:11,निर्गमन 15:11,निर्गम 15:11,ವಿಮೋಚನಕಾಂಡ 15:11,Holiness,True,2026-04-30 06:07,1Blessed is the man who does not walk in the counsel of the wicked or stand in the way of sinners or sit in the seat of mockers.,"यहोवा ने उससे कहा, मनुष्य का मुंह त्तकस ने बनाया है? और मनुष्य को र्ूंर्ा, वा बत्तहरा, वा देखने वाला, वा अन्िा, मुझ यहोवा को छोड कौन बनाता है?",त्याने वेदीच्या उत्तरेस परमेश्वरासमोर तो वधावा; मग अहरोनाचे मुलगे जे याजक आहेत त्यांनी त्याचे रक्त वेदीवर व वेदीच्या सभोंवती ंपडावे.,"ಆ ದಹು ಆ--ಅವಾ ದ ನಂದಿದವನೇ, ನಿ ವನಂದ; ಕರ್ಣಹು ನಿನ್ನುನಂದಿಗಿವಾದ್ದ; ಸಿತ್ತುನೇಯಲ್ಲಿ ನಿನೇಹು ಧಕ್ಯನೇ ಎನಂದಹು ನೇಳಿದಹು."
64,Revelation,4,8,Revelation 4:8,प्रकाशितवाक्य 4:8,प्रकटीकरण 4:8,ಪ್ರಕಟನೆ 4:8,Holiness,True,2026-04-30 15:03,1Why do the nations conspire and the peoples plot in vain? 2The kings of the earth take their stand and the rulers gather together against the Lord and against his Anointed One.,"िन्य हैं वे, जो मन के दीन हैं, क्योंत्तक स्वर्ग का राज्य उन्हीं का है।","बंधूंनो, आशया पख्रिांतात जो तख्रिास आम्ही सहन के ला त्यावषियी तुम्ही अंधाख्रिात असावे अशी आमची इच्छा नाही. आम्हांला तेथे मोठे ओझे होते. आमच्या शक्तपलीकडचे ते ओझे होते. आम्ही जीवनावषियीची आशासुद्धा सोडून दली होती.",ಆಹು ಡ್ಡವವಾಗಿದಹುದ್ದ ನೇನ್ನು ಕಹುವಾನಂದಹು ಕಯಪ್ಪಿಹುವಹು; ನೇವವಾದ ಕರ್ಣಹು ಆ ನಂ ವಾದ ವಾವಿನೇದ ಸಿನಂವಾಸವಹುನ್ನು ಆನಿ ಹು ವಹು.
65,Luke,1,49,Luke 1:49,लूका 1:49,लूक 1:49,ಲೂಕ 1:49,Holiness,True,2026-05-01 06:17,1Blessed is the man who does not walk in the counsel of the wicked or stand in the way of sinners or sit in the seat of mockers.,"क्योंत्तक उस शत्तक्तमान ने मेरे त्तलये बडे बडे काम त्तकए हैं, और उसका नाम पत्तवत्र है।","मग तो आपल्या शष्यांकडे हात करून म्हाणाला, “पाहा हे माझे आई व माझे भाऊ आहेत.",ವಾಕಪ್ರಮಿವಾವಾಹು ವಾತ್ತುದವವುಗಳಹುನ್ನು ವಾಡಿವಾದ್ದ; ಆ ಸಹು ರಿಹುದ್ಧವಾದದಹುದ್ದ.
66,Acts,3,14,Acts 3:14,प्रेरितों के काम 3:14,प्रेषितांची कृत्ये 3:14,ಅಪೊಸ್ತಲರ ಕೃತ್ಯಗಳು 3:14,Holiness,True,2026-05-01 14:15,"1O Lord , how many are my foes! How many rise up against me! 2Many are saying of me, ""God will not deliver him."" Selah",1 पूवग युर् में परमेश्वर ने बाप दादों से थोडा थोडा करके और भांत्तत भांत्तत से भत्तवष्यद्वक्ताओं के द्वारा बातें कर के ।,इस्राएल लोकांना अधिक मुले होत राहली; ते संख्येने फार वाढले व फार बलवान झाले.,ಆಹು ಡ್ಡವವಾಗಿದಹುದ್ದ ನೇನ್ನು ಕಹುವಾನಂದಹು ಕಯಪ್ಪಿಹುವಹು; ನೇವವಾದ ಕರ್ಣಹು ಆ ನಂ ವಾದ ವಾವಿನೇದ ಸಿನಂವಾಸವಹುನ್ನು ಆನಿ ಹು ವಹು.
67,Hebrews,7,26,Hebrews 7:26,इब्रानियों 7:26,इब्री 7:26,ಇಬ್ರಿಯರು 7:26,Holiness,True,2026-05-02 05:40,"1O Lord , our Lord, how majestic is your name in all the earth! You have set your glory above the heavens. 2From the lips of children and infants you have ordained praise because of your enemies, to silence the foe and the avenger. 3When I consider your heavens, the work of your fingers, the moon and the stars, which you have set in place, 4what is man that you are mindful of him, the son of man that you care for him? 5You made him a little lower than the heavenly beings and crowned him with glo","सो ऐसा ही महायाजक हमारे योग्य था, जो पत्तवत्र, और त्तनष्कपट और त्तनमगल, और पात्तपयों से अलर्, और स्वर्ग से भी ऊं चा त्तकया हुआ हो।",इस्राएल लोकांना मसर देशिातून बाहेर घेऊन जा असे देवाने ज्यांना सांगतले होते ते अहरोन व मोशिे ह्याच कु ळातले.,ಆಹು ಡ್ಡವವಾಗಿದಹುದ್ದ ನೇನ್ನು ಕಹುವಾನಂದಹು ಕಯಪ್ಪಿಹುವಹು; ನೇವವಾದ ಕರ್ಣಹು ಆ ನಂ ವಾದ ವಾವಿನೇದ ಸಿನಂವಾಸವಹುನ್ನು ಆನಿ ಹು ವಹು.
68,1 Peter,1,15,1 Peter 1:15,1 पतरस 1:15,1 पेत्र 1:15,1 ಪೇತ್ರ 1:15,Holiness,True,2026-05-02 14:09,1Blessed is the man who does not walk in the counsel of the wicked or stand in the way of sinners or sit in the seat of mockers.,"पर जैसा तुम्हारा बुलाने वाला पत्तवत्र है, वैसे ही तुम भी अपने सारे चाल चलन में पत्तवत्र बनो।","त्याऐवजी ज्या देवानिे तुम्हाला पाचारण के ले तो पवत्र आहे, तुम्हीसुद्धा प्रत्येक गोष्ट जी तुम्ही कराल त्यात पवत्र असा.",ಆಹು ಡ್ಡವವಾಗಿದಹುದ್ದ ನೇನ್ನು ಕಹುವಾನಂದಹು ಕಯಪ್ಪಿಹುವಹು; ನೇವವಾದ ಕರ್ಣಹು ಆ ನಂ ವಾದ ವಾವಿನೇದ ಸಿನಂವಾಸವಹುನ್ನು ಆನಿ ಹು ವಹು.
69,2 Corinthians,7,1,2 Corinthians 7:1,2 कुरिन्थियों 7:1,2 करिंथकर 7:1,2 ಕೊರಿಂಥಿಯರು 7:1,Holiness,True,2026-05-03 06:08,"1O Lord , our Lord, how majestic is your name in all the earth! You have set your glory above the heavens. 2From the lips of children and infants you have ordained praise because of your enemies, to silence the foe and the avenger. 3When I consider your heavens, the work of your fingers, the moon and the stars, which you have set in place, 4what is man that you are mindful of him, the son of man that you care for him? 5You made him a little lower than the heavenly beings and crowned him with glo","त्तिर इसहाक ने याकूब से कहा, हे मेरे पुत्र, त्तनकट आ, मैं तुझे टटोल कर जानूं, त्तक तू सचमुच मेरा पुत्र ऐसाव है या नहीं।","धडा 1 प्रेषित होण्यासाठी पाचारण के लेला; देवाची सुवातार्ता सांगण्यासाठी वेगळा के लेला ्रस्त येशूचा सेवक पौल याजकडून, 2 देवाच्या संदेष्ट्याच्या द्वारे पवत्र शास्त्रात पूवर्वी सांगतलेली होती, 3 ती ही सुवातार्ता देवाचा पुत्र प्रभु येशू ्रस्त जो देहाने एक मनुष्य म्हणून दावदाच्या वंशात जन्माला आला याच्यावषियी आहे. 4 पण पवत्रतेच्या आत्माच्याद्वारे तो मरणातून पुन्हा जवंत झाला त्यामुळे त्याच्या सामयार्तासह “देवाचा पुत्र” असा गणला गेला. 5 त्या आपल्या प्रभु येशू ्रस्ताद्वारे आम्हांला कृ पा आण प्रेषित पद म","ಆ ದಹು ಆ--ಅವಾ ದ ನಂದಿದವನೇ, ನಿ ವನಂದ; ಕರ್ಣಹು ನಿನ್ನುನಂದಿಗಿವಾದ್ದ; ಸಿತ್ತುನೇಯಲ್ಲಿ ನಿನೇಹು ಧಕ್ಯನೇ ಎನಂದಹು ನೇಳಿದಹು."
70,Ephesians,4,24,Ephesians 4:24,इफिसियों 4:24,इफिसकर 4:24,ಎಫೆಸಿಯರು 4:24,Holiness,True,2026-05-03 14:09,1Blessed is the man who does not walk in the counsel of the wicked or stand in the way of sinners or sit in the seat of mockers.,"और यह त्तक, हे प्रभु, आत्तद में तू ने पृथ्वी की नेव डाली, और स्वर्ग तेरे हाथों की कारीर्री है।",यापख्रिमाणे अबख्रिाहामापासून दावदापयर्यत चौदा पढ्या झाल्या आण दावदापासून बाबेलच्या बंदीवासापयर्यंत चौदा पढ्या झाल्या. बाबेलच्या बंदवासापासून ख्रिस्ताच्या जन्मापयर्यत चौदा पढ्या झाल्या.(लूका2.1-7),ಆಹು ಡ್ಡವವಾಗಿದಹುದ್ದ ನೇನ್ನು ಕಹುವಾನಂದಹು ಕಯಪ್ಪಿಹುವಹು; ನೇವವಾದ ಕರ್ಣಹು ಆ ನಂ ವಾದ ವಾವಿನೇದ ಸಿನಂವಾಸವಹುನ್ನು ಆನಿ ಹು ವಹು.
71,Psalm,18,1,Psalm 18:1,भजन संहिता 18:1,स्तोत्र 18:1,ಕೀರ್ತನೆಗಳು 18:1,Strength,True,2026-05-04 06:16,1Blessed is the man who does not walk in the counsel of the wicked or stand in the way of sinners or sit in the seat of mockers.,"मैं त्तबन्ती करता हूाँ, स्मरण कर, त्तक मैं सच्चाई और खरे मन से अपने को तेरे सम्मुख जान कर चलता आया हूाँ; और जो तुझे अच्छा तर्ता है वही मैं करता आया हूाँ। तब त्तहजत्तकय्याह त्तबलक त्तबलक कर रोया।",शलमोन ख्रिहबामचा पता होता. ख्रिहबाम अबीयाचा पता होता. अबीया आसाचा पता होता.,"ಆ ದಹು ಆ--ಅವಾ ದ ನಂದಿದವನೇ, ನಿ ವನಂದ; ಕರ್ಣಹು ನಿನ್ನುನಂದಿಗಿವಾದ್ದ; ಸಿತ್ತುನೇಯಲ್ಲಿ ನಿನೇಹು ಧಕ್ಯನೇ ಎನಂದಹು ನೇಳಿದಹು."
72,Psalm,27,1,Psalm 27:1,भजन संहिता 27:1,स्तोत्र 27:1,ಕೀರ್ತನೆಗಳು 27:1,Strength|Salvation,True,2026-05-04 15:07,1Blessed is the man who does not walk in the counsel of the wicked or stand in the way of sinners or sit in the seat of mockers.,"और स्वर्गदूत ने उसके पास भीतर आकर कहा; आनन्द और जय तेरी हो, त्तजस पर ईश्वर का अनुग्रह हुआ है, प्रभु तेरे साथ है।",आपल्या कारकर्दीच्या तसऱ्या वर्दी त्याने आपले प्रधान आणि अधकारी यांना मेजवानी ली. पारस आणि मेय या प्रांतांमधले सैन्याधकारी आणि महत्वाचे कारभारीही त्या ठिकाणिी होते.,"ಆ ದಹು ಆ--ಅವಾ ದ ನಂದಿದವನೇ, ನಿ ವನಂದ; ಕರ್ಣಹು ನಿನ್ನುನಂದಿಗಿವಾದ್ದ; ಸಿತ್ತುನೇಯಲ್ಲಿ ನಿನೇಹು ಧಕ್ಯನೇ ಎನಂದಹು ನೇಳಿದಹು."
73,Psalm,46,1,Psalm 46:1,भजन संहिता 46:1,स्तोत्र 46:1,ಕೀರ್ತನೆಗಳು 46:1,Strength,True,2026-05-05 05:48,1Blessed is the man who does not walk in the counsel of the wicked or stand in the way of sinners or sit in the seat of mockers.,"और र्ोमेर के पुत्र: अशकनज, रीपत, और तोर्माग हुए।",तू वाहवलेल्या जोराच्या वाऱ्याने पाणी राशिी सारखे उंच उभे राहले व जोराने वाहणाऱ्या पाण्याची टणक भंत झाली; समुद्राचे पाणी अगदी खोलवर घट्ट टणक बनले.,ಆಹು ಡ್ಡವವಾಗಿದಹುದ್ದ ನೇನ್ನು ಕಹುವಾನಂದಹು ಕಯಪ್ಪಿಹುವಹು; ನೇವವಾದ ಕರ್ಣಹು ಆ ನಂ ವಾದ ವಾವಿನೇದ ಸಿನಂವಾಸವಹುನ್ನು ಆನಿ ಹು ವಹು.
74,Isaiah,40,29,Isaiah 40:29,यशायाह 40:29,यशया 40:29,ಯೆಶಾಯ 40:29,Strength,True,2026-05-06 06:07,"1O Lord , how many are my foes! How many rise up against me! 2Many are saying of me, ""God will not deliver him."" Selah","और तेरे त्तलये यह त्तचन्ह होर्ा, त्तक इस वर्षग तो तुम उसे खाओर्े जो आप से आप उर्े, और दूसरे वर्षग उसे जो उत्पन्न हो वह खाओर्े; और तीसरे वर्षग बीज बोने और उसे लवने पाओर्े, और दाख की बाररयां लर्ाने और उनका िल खाने पाओर्े।",तुम्ही आता तुमचा वचार बदला. अन्यायी होऊ नका. पुन्हा वचार करा. मी काहीही चूक के लेली नाही.,"ಆ ದಹು ಆ--ಅವಾ ದ ನಂದಿದವನೇ, ನಿ ವನಂದ; ಕರ್ಣಹು ನಿನ್ನುನಂದಿಗಿವಾದ್ದ; ಸಿತ್ತುನೇಯಲ್ಲಿ ನಿನೇಹು ಧಕ್ಯನೇ ಎನಂದಹು ನೇಳಿದಹು."
75,Psalm,27,14,Psalm 27:14,भजन संहिता 27:14,स्तोत्र 27:14,ಕೀರ್ತನೆಗಳು 27:14,Strengthen,True,2026-05-06 15:26,"1The fool says in his heart, ""There is no God."" They are corrupt, their deeds are vile; there is no one who does good. 2The Lord looks down from heaven on the sons of men to see if there are any who understand, any who seek God. 3All have turned aside, they have together become corrupt; there is no one who does good, not even one. 4Will evildoers never learn- those who devour my people as men eat bread and who do not call on the Lord ? 5There they are, overwhelmed with dread, for God is present ","उस से तुम त्तबन देखे प्रेम रखते हो, और अब तो उस पर त्तबन देखे भी त्तवश्वास करके ऐसे आनत्तन्दत और मर्न होते हो, जो वणगन से बाहर और मत्तहमा से भरा हुआ है।",बाहेरचा तंबू झाकण्याकरता दोन आच्छादने करावीत; एक मेंढ्याच्या लाल रंगवलेल्या कातड्याचे व दुसरे तहशिाच्या एका प्रकारच्या जनावराच्या कातड्याचे करावे.,"ಆ ದಹು ಆ--ಅವಾ ದ ನಂದಿದವನೇ, ನಿ ವನಂದ; ಕರ್ಣಹು ನಿನ್ನುನಂದಿಗಿವಾದ್ದ; ಸಿತ್ತುನೇಯಲ್ಲಿ ನಿನೇಹು ಧಕ್ಯನೇ ಎನಂದಹು ನೇಳಿದಹು."
76,Isaiah,35,3,Isaiah 35:3,यशायाह 35:3,यशया 35:3,ಯೆಶಾಯ 35:3,Strengthen,True,2026-05-07 06:13,1Blessed is the man who does not walk in the counsel of the wicked or stand in the way of sinners or sit in the seat of mockers.,"मैं त्तबन्ती करता हूाँ, स्मरण कर, त्तक मैं सच्चाई और खरे मन से अपने को तेरे सम्मुख जान कर चलता आया हूाँ; और जो तुझे अच्छा तर्ता है वही मैं करता आया हूाँ। तब त्तहजत्तकय्याह त्तबलक त्तबलक कर रोया।","अहरोन, मोशे, मयार्माम हे अम्रामचे मुलगे. नादाब, अबीहू, एलाजार व इथामार हे अहरोनचे मुलगे.",ಆಹು ಡ್ಡವವಾಗಿದಹುದ್ದ ನೇನ್ನು ಕಹುವಾನಂದಹು ಕಯಪ್ಪಿಹುವಹು; ನೇವವಾದ ಕರ್ಣಹು ಆ ನಂ ವಾದ ವಾವಿನೇದ ಸಿನಂವಾಸವಹುನ್ನು ಆನಿ ಹು ವಹು.
77,Luke,22,32,Luke 22:32,लूका 22:32,लूक 22:32,ಲೂಕ 22:32,Strengthen,True,2026-05-07 15:26,1Blessed is the man who does not walk in the counsel of the wicked or stand in the way of sinners or sit in the seat of mockers.,वह महान होर्ा; और परमप्रिान का पुत्र कहलाएर्ा; और प्रभु परमेश्वर उसके त्तपता दाऊद का त्तसंहासन उस को देर्ा।,"तो म्हणाला, ‘मी अबख्रिाहाम, इसहाक आण याकोबाचा देव आहे.’हा देव मेलेल्यांचा देव नाही तख्रि जवंत लोकांचा देव आहे.”",ಆಹು ಡ್ಡವವಾಗಿದಹುದ್ದ ನೇನ್ನು ಕಹುವಾನಂದಹು ಕಯಪ್ಪಿಹುವಹು; ನೇವವಾದ ಕರ್ಣಹು ಆ ನಂ ವಾದ ವಾವಿನೇದ ಸಿನಂವಾಸವಹುನ್ನು ಆನಿ ಹು ವಹು.
78,Ephesians,3,16,Ephesians 3:16,इफिसियों 3:16,इफिसकर 3:16,ಎಫೆಸಿಯರು 3:16,Strengthen,True,2026-05-08 05:33,1Blessed is the man who does not walk in the counsel of the wicked or stand in the way of sinners or sit in the seat of mockers.,"यहोवा ने उससे कहा, मनुष्य का मुंह त्तकस ने बनाया है? और मनुष्य को र्ूंर्ा, वा बत्तहरा, वा देखने वाला, वा अन्िा, मुझ यहोवा को छोड कौन बनाता है?","मी परमेश्वराची स्तुती करतो, कारण तो चांगला आहे मी त्या सवर्दाशितमान परमेश्वराच्या नावाची स्तुती करतो धडा 8 परमेश्वरा, माझ्या स्वामी तुझे नाव पृथ्वीवरील नावात सवार्दात चांगले आहे, ोर आहे. तुझ्या नावाने तुला स्वगार्दात गौरव प्राप्तकरुन दला आहे. 2 मुला बाळांच्या मुखातून तुझे गुणगान ऐकू येते तुझ्या शिंत्रूना गप्प बसवण्यासाठी तू हे सारे करतोस. 3 परमेश्वरा, तू तुझ्या हातांनी नमार्दाण के लेल्या आकाशिाकडे मी बघतो तू के लेल्या चंद्र आण ताऱ्यांकडे मी बघतो. आण मला आश्चयर्दा वाटते. 4 लोक तुला इतके महत्वाचे ","ಆ ದಹು ಆ--ಅವಾ ದ ನಂದಿದವನೇ, ನಿ ವನಂದ; ಕರ್ಣಹು ನಿನ್ನುನಂದಿಗಿವಾದ್ದ; ಸಿತ್ತುನೇಯಲ್ಲಿ ನಿನೇಹು ಧಕ್ಯನೇ ಎನಂದಹು ನೇಳಿದಹು."
79,Psalm,3,8,Psalm 3:8,भजन संहिता 3:8,स्तोत्र 3:8,ಕೀರ್ತನೆಗಳು 3:8,Salvation,True,2026-05-08 14:49,"1O Lord , our Lord, how majestic is your name in all the earth! You have set your glory above the heavens. 2From the lips of children and infants you have ordained praise because of your enemies, to silence the foe and the avenger. 3When I consider your heavens, the work of your fingers, the moon and the stars, which you have set in place, 4what is man that you are mindful of him, the son of man that you care for him? 5You made him a little lower than the heavenly beings and crowned him with glo","और सारे सूररया में उसका यश िैल र्या; और लोर् सब बीमारों को, जो नाना प्रकार की बीमाररयों और दुखों में जकडे हुए थे, और त्तजन में दुिात्माएं थीं और त्तमर्ी वालों और झोले के मारे हुओं को उसके पास लाए और उस ने उन्हें चंर्ा त्तकया।",पुन्हा संध्याकाळी अहरोन दवे लावण्यासाठी येईल तेव्हा त्याने वेदीवर सुंगधिी धिूप जाळावा; याप्रमाणे दररोज परमेश्वरापुढे सुंगधिी धिूप सतत पढयानपढया जाळावा.,"ಆ ದಹು ಆ--ಅವಾ ದ ನಂದಿದವನೇ, ನಿ ವನಂದ; ಕರ್ಣಹು ನಿನ್ನುನಂದಿಗಿವಾದ್ದ; ಸಿತ್ತುನೇಯಲ್ಲಿ ನಿನೇಹು ಧಕ್ಯನೇ ಎನಂದಹು ನೇಳಿದಹು."
80,Isaiah,45,17,Isaiah 45:17,यशायाह 45:17,यशया 45:17,ಯೆಶಾಯ 45:17,Salvation,True,2026-05-09 05:51,1Why do the nations conspire and the peoples plot in vain? 2The kings of the earth take their stand and the rulers gather together against the Lord and against his Anointed One.,"ऐसे त्तदन आने वाले है, त्तजन में जो कुछ तेरे भवन में हैं, और जो कुछ तेरे पुरखाओं का रखा हुआ आज के त्तदन तक भण्डारों में है वह सब बाबेल को उठ जाएर्ा; यहोवा यह कहता है, त्तक कोई वस्तु न बचेर्ी।","मी परमेश्वराची स्तुती करतो, कारण तो चांगला आहे मी त्या सवर्दाशितमान परमेश्वराच्या नावाची स्तुती करतो धडा 8 परमेश्वरा, माझ्या स्वामी तुझे नाव पृथ्वीवरील नावात सवार्दात चांगले आहे, ोर आहे. तुझ्या नावाने तुला स्वगार्दात गौरव प्राप्तकरुन दला आहे. 2 मुला बाळांच्या मुखातून तुझे गुणगान ऐकू येते तुझ्या शिंत्रूना गप्प बसवण्यासाठी तू हे सारे करतोस. 3 परमेश्वरा, तू तुझ्या हातांनी नमार्दाण के लेल्या आकाशिाकडे मी बघतो तू के लेल्या चंद्र आण ताऱ्यांकडे मी बघतो. आण मला आश्चयर्दा वाटते. 4 लोक तुला इतके महत्वाचे ","ಆ ದಹು ಆ--ಅವಾ ದ ನಂದಿದವನೇ, ನಿ ವನಂದ; ಕರ್ಣಹು ನಿನ್ನುನಂದಿಗಿವಾದ್ದ; ಸಿತ್ತುನೇಯಲ್ಲಿ ನಿನೇಹು ಧಕ್ಯನೇ ಎನಂದಹು ನೇಳಿದಹು."
81,Acts,4,12,Acts 4:12,प्रेरितों के काम 4:12,प्रेषितांची कृत्ये 4:12,ಅಪೊಸ್ತಲರ ಕೃತ್ಯಗಳು 4:12,Salvation,True,2026-05-09 14:16,1Blessed is the man who does not walk in the counsel of the wicked or stand in the way of sinners or sit in the seat of mockers.,सो यीशु एक उिम वाचा का जात्तमन ठहरा।,"जरी तुम्ही येशिूला पाहले निाही, तरी तुम्ही त्याच्यावर प्रीत करता. जरी आता तुम्ही त्याच्याकडे पाहू शिकत निसला तरी तुम्ही त्याच्यावर वश्वास ठेवता आण तुम्ही व्यक्त करता येणार निाही, अशिा गौरवी आनिंदानिे भरला आहात.","ಆ ದಹು ಆ--ಅವಾ ದ ನಂದಿದವನೇ, ನಿ ವನಂದ; ಕರ್ಣಹು ನಿನ್ನುನಂದಿಗಿವಾದ್ದ; ಸಿತ್ತುನೇಯಲ್ಲಿ ನಿನೇಹು ಧಕ್ಯನೇ ಎನಂದಹು ನೇಳಿದಹು."
82,Romans,1,16,Romans 1:16,रोमियों 1:16,रोमकर 1:16,ರೋಮಾಪುರ 1:16,Salvation,True,2026-05-10 06:14,1Blessed is the man who does not walk in the counsel of the wicked or stand in the way of sinners or sit in the seat of mockers.,"त्तिर इसहाक ने याकूब से कहा, हे मेरे पुत्र, त्तनकट आ, मैं तुझे टटोल कर जानूं, त्तक तू सचमुच मेरा पुत्र ऐसाव है या नहीं।","धडा 1 प्रेषित होण्यासाठी पाचारण के लेला; देवाची सुवातार्ता सांगण्यासाठी वेगळा के लेला ्रस्त येशूचा सेवक पौल याजकडून, 2 देवाच्या संदेष्ट्याच्या द्वारे पवत्र शास्त्रात पूवर्वी सांगतलेली होती, 3 ती ही सुवातार्ता देवाचा पुत्र प्रभु येशू ्रस्त जो देहाने एक मनुष्य म्हणून दावदाच्या वंशात जन्माला आला याच्यावषियी आहे. 4 पण पवत्रतेच्या आत्माच्याद्वारे तो मरणातून पुन्हा जवंत झाला त्यामुळे त्याच्या सामयार्तासह “देवाचा पुत्र” असा गणला गेला. 5 त्या आपल्या प्रभु येशू ्रस्ताद्वारे आम्हांला कृ पा आण प्रेषित पद म","ಆ ದಹು ಆ--ಅವಾ ದ ನಂದಿದವನೇ, ನಿ ವನಂದ; ಕರ್ಣಹು ನಿನ್ನುನಂದಿಗಿವಾದ್ದ; ಸಿತ್ತುನೇಯಲ್ಲಿ ನಿನೇಹು ಧಕ್ಯನೇ ಎನಂದಹು ನೇಳಿದಹು."
83,Deuteronomy,4,29,Deuteronomy 4:29,व्यवस्थाविवरण 4:29,अनुवाद 4:29,ಧರ್ಮೋಪದೇಶಕಾಂಡ 4:29,Seek,True,2026-05-10 14:19,"1O Lord , how many are my foes! How many rise up against me! 2Many are saying of me, ""God will not deliver him."" Selah","जो तुम्हारे त्तलये स्वर्ग में रखी है, त्तजन की रक्षा परमेश्वर की सामथग से, त्तवश्वास के द्वारा उस उिार के त्तलये, जो आने वाले समय में प्रर्ट होने वाली है, की जाती है।",“तेव्हा मी तुम्हाला म्हणालो की हताश होऊ नका. ा लोकांना घाबरु नका.,"ಆ ದಹು ಆ--ಅವಾ ದ ನಂದಿದವನೇ, ನಿ ವನಂದ; ಕರ್ಣಹು ನಿನ್ನುನಂದಿಗಿವಾದ್ದ; ಸಿತ್ತುನೇಯಲ್ಲಿ ನಿನೇಹು ಧಕ್ಯನೇ ಎನಂದಹು ನೇಳಿದಹು."
84,Psalm,27,8,Psalm 27:8,भजन संहिता 27:8,स्तोत्र 27:8,ಕೀರ್ತನೆಗಳು 27:8,Seek,True,2026-05-11 06:41,"1O Lord , our Lord, how majestic is your name in all the earth! You have set your glory above the heavens. 2From the lips of children and infants you have ordained praise because of your enemies, to silence the foe and the avenger. 3When I consider your heavens, the work of your fingers, the moon and the stars, which you have set in place, 4what is man that you are mindful of him, the son of man that you care for him? 5You made him a little lower than the heavenly beings and crowned him with glo","और मैं तेरी आयु पन्द्रह वर्षग और बढा दूंर्ा। और अश्शूर के राजा के हाथ से तुझे और इस नर्र को बचाऊं र्ा, और मैं अपने त्तनत्तमि और अपने दास दाऊद के त्तनत्तमि इस नर्र की रक्षा करूं र्ा।",वेदीच्या बाजूंना फव्व्या बसवाव्यात; पवर्वतावर मी तुला दाखवल्याप्रमाणे ती तयार करावी.,"ಆ ದಹು ಆ--ಅವಾ ದ ನಂದಿದವನೇ, ನಿ ವನಂದ; ಕರ್ಣಹು ನಿನ್ನುನಂದಿಗಿವಾದ್ದ; ಸಿತ್ತುನೇಯಲ್ಲಿ ನಿನೇಹು ಧಕ್ಯನೇ ಎನಂದಹು ನೇಳಿದಹು."
85,Isaiah,55,6,Isaiah 55:6,यशायाह 55:6,यशया 55:6,ಯೆಶಾಯ 55:6,Seek,True,2026-05-11 15:55,1Blessed is the man who does not walk in the counsel of the wicked or stand in the way of sinners or sit in the seat of mockers.,"और मैं तेरी आयु पन्द्रह वर्षग और बढा दूंर्ा। और अश्शूर के राजा के हाथ से तुझे और इस नर्र को बचाऊं र्ा, और मैं अपने त्तनत्तमि और अपने दास दाऊद के त्तनत्तमि इस नर्र की रक्षा करूं र्ा।","का? कारण परमेश्वर चांगल्यांचे रक्षण करतो आण वाईटाचे नदार्दालन करतो. धडा 2 इतर राष्ट्रांचे लोक इतके का रागावले आहेत? ती राष्ट्रे अशिा मूखार्दासारख्या योजना का आखीत आहेत? 2 त्यांचे राजे आण पुढारी एकत्र येऊन परमेश्वराशिी आण त्याने नवडलेल्या राजांशिी भांडले. 3 ते पुढारी म्हणाले, “आपण देवावरुध्द आण त्याने नवडलेल्या राजावरुदध्द उभे राहू आपण त्यांच्यापासून स्वतंत्र होऊ.” 4 परंतु माझे स्वामी स्वगार्दातील राजा त्या लोकांना हसतो. 5 देव रागावला आहे आण तो त्या लोकांनाकच सांगत आहे, “मी या माणसाची राजा म्हणून","ಆ ದಹು ಆ--ಅವಾ ದ ನಂದಿದವನೇ, ನಿ ವನಂದ; ಕರ್ಣಹು ನಿನ್ನುನಂದಿಗಿವಾದ್ದ; ಸಿತ್ತುನೇಯಲ್ಲಿ ನಿನೇಹು ಧಕ್ಯನೇ ಎನಂದಹು ನೇಳಿದಹು."
86,Matthew,7,7,Matthew 7:7,मत्ती 7:7,मत्तय 7:7,ಮತ್ತಾಯ 7:7,Seek,True,2026-05-12 06:19,1Blessed is the man who does not walk in the counsel of the wicked or stand in the way of sinners or sit in the seat of mockers.,"और स्वर्गदूत ने उसके पास भीतर आकर कहा; आनन्द और जय तेरी हो, त्तजस पर ईश्वर का अनुग्रह हुआ है, प्रभु तेरे साथ है।",शलमोन ख्रिहबामचा पता होता. ख्रिहबाम अबीयाचा पता होता. अबीया आसाचा पता होता.,"ಆ ದಹು ಆ--ಅವಾ ದ ನಂದಿದವನೇ, ನಿ ವನಂದ; ಕರ್ಣಹು ನಿನ್ನುನಂದಿಗಿವಾದ್ದ; ಸಿತ್ತುನೇಯಲ್ಲಿ ನಿನೇಹು ಧಕ್ಯನೇ ಎನಂದಹು ನೇಳಿದಹು."
87,Deuteronomy,6,13,Deuteronomy 6:13,व्यवस्थाविवरण 6:13,अनुवाद 6:13,ಧರ್ಮೋಪದೇಶಕಾಂಡ 6:13,Serve,True,2026-05-12 15:39,1Why do the nations conspire and the peoples plot in vain? 2The kings of the earth take their stand and the rulers gather together against the Lord and against his Anointed One.,"जो तुम्हारे त्तलये स्वर्ग में रखी है, त्तजन की रक्षा परमेश्वर की सामथग से, त्तवश्वास के द्वारा उस उिार के त्तलये, जो आने वाले समय में प्रर्ट होने वाली है, की जाती है।","म्हणून मी तुम्हाला सिांगतले, ‘आपापल्ा वंशातून अनुभवी, ज्ञानी व सिमंजसि व्क्तींची नवड करा. मी ांना प्रमुख म्हणून नेमतो.’.","ಆ ದಹು ಆ--ಅವಾ ದ ನಂದಿದವನೇ, ನಿ ವನಂದ; ಕರ್ಣಹು ನಿನ್ನುನಂದಿಗಿವಾದ್ದ; ಸಿತ್ತುನೇಯಲ್ಲಿ ನಿನೇಹು ಧಕ್ಯನೇ ಎನಂದಹು ನೇಳಿದಹು."
88,Matthew,6,24,Matthew 6:24,मत्ती 6:24,मत्तय 6:24,ಮತ್ತಾಯ 6:24,Serve,True,2026-05-13 06:29,1Blessed is the man who does not walk in the counsel of the wicked or stand in the way of sinners or sit in the seat of mockers.,"उस से तुम त्तबन देखे प्रेम रखते हो, और अब तो उस पर त्तबन देखे भी त्तवश्वास करके ऐसे आनत्तन्दत और मर्न होते हो, जो वणगन से बाहर और मत्तहमा से भरा हुआ है।","जेव्हा योसेफ जागा झाला तेव्हा देवदूताने जशी त्याला आज्ञा के ली होती तसेच त्याने के ले, त्याने मख्रिीयेशी लगख्रि के ले.","ಆ ದಹು ಆ--ಅವಾ ದ ನಂದಿದವನೇ, ನಿ ವನಂದ; ಕರ್ಣಹು ನಿನ್ನುನಂದಿಗಿವಾದ್ದ; ಸಿತ್ತುನೇಯಲ್ಲಿ ನಿನೇಹು ಧಕ್ಯನೇ ಎನಂದಹು ನೇಳಿದಹು."
89,Galatians,5,13,Galatians 5:13,गलातियों 5:13,गलतीकर 5:13,ಗಲಾತ್ಯರು 5:13,Serve,True,2026-05-13 15:41,1Blessed is the man who does not walk in the counsel of the wicked or stand in the way of sinners or sit in the seat of mockers.,1 पूवग युर् में परमेश्वर ने बाप दादों से थोडा थोडा करके और भांत्तत भांत्तत से भत्तवष्यद्वक्ताओं के द्वारा बातें कर के ।,यहूदी धमार्वतील माझ्या पूवर्वीच्या जीवनावषियी तुम्ही ऐकले आहे. आण हे जाणता की देवाच्या मंडळीचा मी भयंकर छळके ला होता. आण तचा नाश करण्याचा ही प्रयत्न के ला.,"ಆ ದಹು ಆ--ಅವಾ ದ ನಂದಿದವನೇ, ನಿ ವನಂದ; ಕರ್ಣಹು ನಿನ್ನುನಂದಿಗಿವಾದ್ದ; ಸಿತ್ತುನೇಯಲ್ಲಿ ನಿನೇಹು ಧಕ್ಯನೇ ಎನಂದಹು ನೇಳಿದಹು."
90,Romans,12,1,Romans 12:1,रोमियों 12:1,रोमकर 12:1,ರೋಮಾಪುರ 12:1,Serve,True,2026-05-14 06:28,1Why do the nations conspire and the peoples plot in vain? 2The kings of the earth take their stand and the rulers gather together against the Lord and against his Anointed One.,"जो तुम्हारे त्तलये स्वर्ग में रखी है, त्तजन की रक्षा परमेश्वर की सामथग से, त्तवश्वास के द्वारा उस उिार के त्तलये, जो आने वाले समय में प्रर्ट होने वाली है, की जाती है।","प्रेषित होण्यासाठी पाचारण के लेला; देवाची सुवातार्ता सांगण्यासाठी वेगळा के लेला ्रस्त येशूचा सेवक पौल याजकडून,","ಆ ದಹು ಆ--ಅವಾ ದ ನಂದಿದವನೇ, ನಿ ವನಂದ; ಕರ್ಣಹು ನಿನ್ನುನಂದಿಗಿವಾದ್ದ; ಸಿತ್ತುನೇಯಲ್ಲಿ ನಿನೇಹು ಧಕ್ಯನೇ ಎನಂದಹು ನೇಳಿದಹು."
91,Romans,3,23,Romans 3:23,रोमियों 3:23,रोमकर 3:23,ರೋಮಾಪುರ 3:23,Sin,True,2026-05-14 15:14,1Why do the nations conspire and the peoples plot in vain? 2The kings of the earth take their stand and the rulers gather together against the Lord and against his Anointed One.,"जो तुम्हारे त्तलये स्वर्ग में रखी है, त्तजन की रक्षा परमेश्वर की सामथग से, त्तवश्वास के द्वारा उस उिार के त्तलये, जो आने वाले समय में प्रर्ट होने वाली है, की जाती है।","आण अवनाशी देवाचे गौरव याची मत्यर्ता मानव, पक्षी, चार पायाचे प्राणी, सरपटणारे प्राणी यांच्यासारख्या दसणाऱ्या प्रतमांशी अदलाबदल के ली.","ಆ ದಹು ಆ--ಅವಾ ದ ನಂದಿದವನೇ, ನಿ ವನಂದ; ಕರ್ಣಹು ನಿನ್ನುನಂದಿಗಿವಾದ್ದ; ಸಿತ್ತುನೇಯಲ್ಲಿ ನಿನೇಹು ಧಕ್ಯನೇ ಎನಂದಹು ನೇಳಿದಹು."
92,Romans,6,23,Romans 6:23,रोमियों 6:23,रोमकर 6:23,ರೋಮಾಪುರ 6:23,Sin,True,2026-05-15 06:36,"1O Lord , how many are my foes! How many rise up against me! 2Many are saying of me, ""God will not deliver him."" Selah","और यह त्तक, हे प्रभु, आत्तद में तू ने पृथ्वी की नेव डाली, और स्वर्ग तेरे हाथों की कारीर्री है।","आण अवनाशी देवाचे गौरव याची मत्यर्ता मानव, पक्षी, चार पायाचे प्राणी, सरपटणारे प्राणी यांच्यासारख्या दसणाऱ्या प्रतमांशी अदलाबदल के ली.","ಆ ದಹು ಆ--ಅವಾ ದ ನಂದಿದವನೇ, ನಿ ವನಂದ; ಕರ್ಣಹು ನಿನ್ನುನಂದಿಗಿವಾದ್ದ; ಸಿತ್ತುನೇಯಲ್ಲಿ ನಿನೇಹು ಧಕ್ಯನೇ ಎನಂದಹು ನೇಳಿದಹು."
93,1 John,1,9,1 John 1:9,1 यूहन्ना 1:9,1 योहान 1:9,1 ಯೋಹಾನ 1:9,Sin,True,2026-05-15 15:12,1Blessed is the man who does not walk in the counsel of the wicked or stand in the way of sinners or sit in the seat of mockers.,"और र्ोमेर के पुत्र: अशकनज, रीपत, और तोर्माग हुए।","जर आम्ही आमची पापे कबूल करतो, तर आमच्या पापांपासून आम्हांला क्षमा करण्यास देववश्वासू व न्यायी आहे. आणि आमच्या सवर्ण अनीतीपासून तो आम्हाला शुद्ध करतो.","ಆ ದಹು ಆ--ಅವಾ ದ ನಂದಿದವನೇ, ನಿ ವನಂದ; ಕರ್ಣಹು ನಿನ್ನುನಂದಿಗಿವಾದ್ದ; ಸಿತ್ತುನೇಯಲ್ಲಿ ನಿನೇಹು ಧಕ್ಯನೇ ಎನಂದಹು ನೇಳಿದಹು."
94,John,1,29,John 1:29,यूहन्ना 1:29,योहान 1:29,ಯೋಹಾನ 1:29,Sin,True,2026-05-16 05:56,1Blessed is the man who does not walk in the counsel of the wicked or stand in the way of sinners or sit in the seat of mockers.,"यत्तद तेरी दात्तहनी आंख तुझे ठोकर त्तखलाए, तो उसे त्तनकालकर अपने पास से िेंक दे; क्योंत्तक तेरे त्तलये यही भला है त्तक तेरे अंर्ों में से एक नाश हो जाए और तेरा सारा शरीर नरक में न डाला जाए।","माझ्या देवा, या लोकिांना शासन किर. त्यांनी याजकिपणिा अपवत्र किे ला. त्याला ते क्षुल्लकि समजले. याजकि आणि लेवी यांच्याशी तू किे लेला किरार त्यांनी पाळला नाही.","ಆ ದಹು ಆ--ಅವಾ ದ ನಂದಿದವನೇ, ನಿ ವನಂದ; ಕರ್ಣಹು ನಿನ್ನುನಂದಿಗಿವಾದ್ದ; ಸಿತ್ತುನೇಯಲ್ಲಿ ನಿನೇಹು ಧಕ್ಯನೇ ಎನಂದಹು ನೇಳಿದಹು."
95,John,4,24,John 4:24,यूहन्ना 4:24,योहान 4:24,ಯೋಹಾನ 4:24,Spirit,True,2026-05-16 14:20,1Blessed is the man who does not walk in the counsel of the wicked or stand in the way of sinners or sit in the seat of mockers.,"और सारे सूररया में उसका यश िैल र्या; और लोर् सब बीमारों को, जो नाना प्रकार की बीमाररयों और दुखों में जकडे हुए थे, और त्तजन में दुिात्माएं थीं और त्तमर्ी वालों और झोले के मारे हुओं को उसके पास लाए और उस ने उन्हें चंर्ा त्तकया।",हम्माथाचा मुलगा अगागी हामान सवर्या यहुद्यांचा शत्रू होता. त्याने यहुद्यांचा नायनाट करण्याचे कपटी कारस्थान रचले होते. यहुद्यांच्या संहारासाठिी त्यांने चठ्ठी टाकू न वस ठिरवला होता.,"ಆ ದಹು ಆ--ಅವಾ ದ ನಂದಿದವನೇ, ನಿ ವನಂದ; ಕರ್ಣಹು ನಿನ್ನುನಂದಿಗಿವಾದ್ದ; ಸಿತ್ತುನೇಯಲ್ಲಿ ನಿನೇಹು ಧಕ್ಯನೇ ಎನಂದಹು ನೇಳಿದಹು."
96,Galatians,5,16,Galatians 5:16,गलातियों 5:16,गलतीकर 5:16,ಗಲಾತ್ಯರು 5:16,Spirit,True,2026-05-17 06:26,"1O Lord , how many are my foes! How many rise up against me! 2Many are saying of me, ""God will not deliver him."" Selah","यहोवा ने उससे कहा, मनुष्य का मुंह त्तकस ने बनाया है? और मनुष्य को र्ूंर्ा, वा बत्तहरा, वा देखने वाला, वा अन्िा, मुझ यहोवा को छोड कौन बनाता है?","आण जेव्हा देवाने त्याचा पुत्र मला प्रगट करण्याचे ठरवले ते यासाठी की, वदेशीलोकांमध्ये पुत्रावषियीची सुवातार्व मी सांगावी. मी कोणत्याही मनुष्याबरोबर सल्लामसलत के ली नाही.","ಆ ದಹು ಆ--ಅವಾ ದ ನಂದಿದವನೇ, ನಿ ವನಂದ; ಕರ್ಣಹು ನಿನ್ನುನಂದಿಗಿವಾದ್ದ; ಸಿತ್ತುನೇಯಲ್ಲಿ ನಿನೇಹು ಧಕ್ಯನೇ ಎನಂದಹು ನೇಳಿದಹು."
97,Romans,8,14,Romans 8:14,रोमियों 8:14,रोमकर 8:14,ರೋಮಾಪುರ 8:14,Spirit,True,2026-05-17 14:24,"1O Lord , how many are my foes! How many rise up against me! 2Many are saying of me, ""God will not deliver him."" Selah","न िरती की, क्योंत्तक वह उसके पांवों की चौकी है; न यरूशलेम की, क्योंत्तक वह महाराजा का नर्र है।","मी सवर्ता लोकांची - ग्रीक आण ग्रीक नसलेले, शहाणे आण मूर्ता- सेवा के ली पाहजे.","ಆ ದಹು ಆ--ಅವಾ ದ ನಂದಿದವನೇ, ನಿ ವನಂದ; ಕರ್ಣಹು ನಿನ್ನುನಂದಿಗಿವಾದ್ದ; ಸಿತ್ತುನೇಯಲ್ಲಿ ನಿನೇಹು ಧಕ್ಯನೇ ಎನಂದಹು ನೇಳಿದಹು."
98,Psalm,23,1,Psalm 23:1,भजन संहिता 23:1,स्तोत्र 23:1,ಕೀರ್ತನೆಗಳು 23:1,Shepherd,True,2026-05-18 07:00,1Blessed is the man who does not walk in the counsel of the wicked or stand in the way of sinners or sit in the seat of mockers.,"िन्य हैं वे, जो मन के दीन हैं, क्योंत्तक स्वर्ग का राज्य उन्हीं का है।","देव माझा साक्षी आहे, ज्याची सेवा मी आत्म्याने त्याच्या पुत्राची सुवातार्ता सांगून करतो. मी तुमची नेहमी आठवण करतो.","ಆ ದಹು ಆ--ಅವಾ ದ ನಂದಿದವನೇ, ನಿ ವನಂದ; ಕರ್ಣಹು ನಿನ್ನುನಂದಿಗಿವಾದ್ದ; ಸಿತ್ತುನೇಯಲ್ಲಿ ನಿನೇಹು ಧಕ್ಯನೇ ಎನಂದಹು ನೇಳಿದಹು."
99,John,10,11,John 10:11,यूहन्ना 10:11,योहान 10:11,ಯೋಹಾನ 10:11,Shepherd,True,2026-05-18 16:19,1Why do the nations conspire and the peoples plot in vain? 2The kings of the earth take their stand and the rulers gather together against the Lord and against his Anointed One.,"िन्य हो तुम, जब मनुष्य मेरे कारण तुम्हारी त्तनन्दा करें, और सताएं और झूठ बोल बोलकर तुम्हरो त्तवरोि में सब प्रकार की बुरी बात कहें।",एस्तेरची खबिरबिात जाणिून घेण्यासाठिी मर्याखय रोज अंत:पुराच्या अवतीभवती फे ऱ्या घाली.,"ಆ ದಹು ಆ--ಅವಾ ದ ನಂದಿದವನೇ, ನಿ ವನಂದ; ಕರ್ಣಹು ನಿನ್ನುನಂದಿಗಿವಾದ್ದ; ಸಿತ್ತುನೇಯಲ್ಲಿ ನಿನೇಹು ಧಕ್ಯನೇ ಎನಂದಹು ನೇಳಿದಹು."
100,Psalm,18,2,Psalm 18:2,भजन संहिता 18:2,स्तोत्र 18:2,ಕೀರ್ತನೆಗಳು 18:2,Shield,True,2026-05-19 06:52,1Why do the nations conspire and the peoples plot in vain? 2The kings of the earth take their stand and the rulers gather together against the Lord and against his Anointed One.,"और स्वर्गदूत ने उसके पास भीतर आकर कहा; आनन्द और जय तेरी हो, त्तजस पर ईश्वर का अनुग्रह हुआ है, प्रभु तेरे साथ है।","तेव्हा तो देवाच्या पवर्वताजवळ म्हणजे होरेब कं वा सीनाय पवर्वताजवळ, जेथे मोशिेने तळ दला होता तेथे मोशिेला भेटावयास गेला इथ्रोने मोशिेची बायको सप्पोरा हलाही बरोबर आणले; (सप्पोरा मोशिे बरोबर नव्हती कारण त्याने तला माहेरी पाठवले होते.)","ಆ ದಹು ಆ--ಅವಾ ದ ನಂದಿದವನೇ, ನಿ ವನಂದ; ಕರ್ಣಹು ನಿನ್ನುನಂದಿಗಿವಾದ್ದ; ಸಿತ್ತುನೇಯಲ್ಲಿ ನಿನೇಹು ಧಕ್ಯನೇ ಎನಂದಹು ನೇಳಿದಹು."
101,Ephesians,6,16,Ephesians 6:16,इफिसियों 6:16,इफिसकर 6:16,ಎಫೆಸಿಯರು 6:16,Shield,True,2026-05-19 16:15,1Blessed is the man who does not walk in the counsel of the wicked or stand in the way of sinners or sit in the seat of mockers.,सो यीशु एक उिम वाचा का जात्तमन ठहरा।,योशीया यन्या व त्याचे भाऊ यांचा पता होता. (जेव्हा यहूदी लोकांना गुलाम म्हणून बाबेलास नेण्यात आले तेव्हा हे झाले.),"ಆ ದಹು ಆ--ಅವಾ ದ ನಂದಿದವನೇ, ನಿ ವನಂದ; ಕರ್ಣಹು ನಿನ್ನುನಂದಿಗಿವಾದ್ದ; ಸಿತ್ತುನೇಯಲ್ಲಿ ನಿನೇಹು ಧಕ್ಯನೇ ಎನಂದಹು ನೇಳಿದಹು."
102,Psalm,23,3,Psalm 23:3,भजन संहिता 23:3,स्तोत्र 23:3,ಕೀರ್ತನೆಗಳು 23:3,Soul,True,2026-05-20 06:51,"1O Lord , how many are my foes! How many rise up against me! 2Many are saying of me, ""God will not deliver him."" Selah",सो यीशु एक उिम वाचा का जात्तमन ठहरा।,"“एखाद्या गरीब माणसाचा न्याय होताना, दया येऊन वाईट वाटल्यामुळे काही जण त्याची बाजू उचलून धिरतील, परंतु त्याची बाजू खरी असल्याशिवाय तुम्ही तसे करु नये.","ಆ ದಹು ಆ--ಅವಾ ದ ನಂದಿದವನೇ, ನಿ ವನಂದ; ಕರ್ಣಹು ನಿನ್ನುನಂದಿಗಿವಾದ್ದ; ಸಿತ್ತುನೇಯಲ್ಲಿ ನಿನೇಹು ಧಕ್ಯನೇ ಎನಂದಹು ನೇಳಿದಹು."
103,Matthew,16,26,Matthew 16:26,मत्ती 16:26,मत्तय 16:26,ಮತ್ತಾಯ 16:26,Soul,True,2026-05-20 16:23,"1O Lord , our Lord, how majestic is your name in all the earth! You have set your glory above the heavens. 2From the lips of children and infants you have ordained praise because of your enemies, to silence the foe and the avenger. 3When I consider your heavens, the work of your fingers, the moon and the stars, which you have set in place, 4what is man that you are mindful of him, the son of man that you care for him? 5You made him a little lower than the heavenly beings and crowned him with glo",पर त्तनदोर्ष और त्तनष्कलंक मेम्ने अथागत मसीह के बहुमूल्य लोहू के द्वारा हुआ।,मी तुला ख्रिे सांगतो तू शेवटचा पैसा देईपयर्यंत तुझी सुटका मुळीच होणाख्रि नाही.,"ಆ ದಹು ಆ--ಅವಾ ದ ನಂದಿದವನೇ, ನಿ ವನಂದ; ಕರ್ಣಹು ನಿನ್ನುನಂದಿಗಿವಾದ್ದ; ಸಿತ್ತುನೇಯಲ್ಲಿ ನಿನೇಹು ಧಕ್ಯನೇ ಎನಂದಹು ನೇಳಿದಹು."
104,James,1,21,James 1:21,याकूब 1:21,याकोब 1:21,ಯಾಕೋಬ 1:21,Soul,True,2026-05-21 06:55,1Blessed is the man who does not walk in the counsel of the wicked or stand in the way of sinners or sit in the seat of mockers.,"त्तिर इसहाक ने याकूब से कहा, हे मेरे पुत्र, त्तनकट आ, मैं तुझे टटोल कर जानूं, त्तक तू सचमुच मेरा पुत्र ऐसाव है या नहीं।",इस्राएल लोकांना अधिक मुले होत राहली; ते संख्येने फार वाढले व फार बलवान झाले.,"ಆ ದಹು ಆ--ಅವಾ ದ ನಂದಿದವನೇ, ನಿ ವನಂದ; ಕರ್ಣಹು ನಿನ್ನುನಂದಿಗಿವಾದ್ದ; ಸಿತ್ತುನೇಯಲ್ಲಿ ನಿನೇಹು ಧಕ್ಯನೇ ಎನಂದಹು ನೇಳಿದಹು."
105,Psalm,127,1,Psalm 127:1,भजन संहिता 127:1,स्तोत्र 127:1,ಕೀರ್ತನೆಗಳು 127:1,Build,True,2026-05-21 16:13,1Blessed is the man who does not walk in the counsel of the wicked or stand in the way of sinners or sit in the seat of mockers.,"न िरती की, क्योंत्तक वह उसके पांवों की चौकी है; न यरूशलेम की, क्योंत्तक वह महाराजा का नर्र है।","आम्ही ते पाहले आहे व ऐकले आहे आणि आम्ही आता ते तुम्हालाही घोषत करीत आहोत, यासाठी की तुमचीहीआमच्यासह सहभागता असावी. आमची सहभागता तर देवपता व त्याचा पुत्र येशू ख्रस्त याजबरोबर आहे.","ಆ ದಹು ಆ--ಅವಾ ದ ನಂದಿದವನೇ, ನಿ ವನಂದ; ಕರ್ಣಹು ನಿನ್ನುನಂದಿಗಿವಾದ್ದ; ಸಿತ್ತುನೇಯಲ್ಲಿ ನಿನೇಹು ಧಕ್ಯನೇ ಎನಂದಹು ನೇಳಿದಹು."
106,Ephesians,2,20,Ephesians 2:20,इफिसियों 2:20,इफिसकर 2:20,ಎಫೆಸಿಯರು 2:20,Build,True,2026-05-22 06:52,"1O Lord , our Lord, how majestic is your name in all the earth! You have set your glory above the heavens. 2From the lips of children and infants you have ordained praise because of your enemies, to silence the foe and the avenger. 3When I consider your heavens, the work of your fingers, the moon and the stars, which you have set in place, 4what is man that you are mindful of him, the son of man that you care for him? 5You made him a little lower than the heavenly beings and crowned him with glo",पर त्तनदोर्ष और त्तनष्कलंक मेम्ने अथागत मसीह के बहुमूल्य लोहू के द्वारा हुआ।,"आम्ही ते पाहले आहे व ऐकले आहे आणि आम्ही आता ते तुम्हालाही घोषत करीत आहोत, यासाठी की तुमचीहीआमच्यासह सहभागता असावी. आमची सहभागता तर देवपता व त्याचा पुत्र येशू ख्रस्त याजबरोबर आहे.","ಆ ದಹು ಆ--ಅವಾ ದ ನಂದಿದವನೇ, ನಿ ವನಂದ; ಕರ್ಣಹು ನಿನ್ನುನಂದಿಗಿವಾದ್ದ; ಸಿತ್ತುನೇಯಲ್ಲಿ ನಿನೇಹು ಧಕ್ಯನೇ ಎನಂದಹು ನೇಳಿದಹು."
107,Colossians,2,7,Colossians 2:7,कुलुस्सियों 2:7,कलस्सैकर 2:7,ಕೊಲೊಸ್ಸೆಯರು 2:7,Build,True,2026-05-22 15:47,1Blessed is the man who does not walk in the counsel of the wicked or stand in the way of sinners or sit in the seat of mockers.,पर त्तनदोर्ष और त्तनष्कलंक मेम्ने अथागत मसीह के बहुमूल्य लोहू के द्वारा हुआ।,"तुम्ही ते, आमचा सहसेवक एपफ ख्रिास, जो आमच्या वतीने ख्रिस्ताचा वश्वासू सेवक आहे, त्याच्याकडून शकू न घेतले आहे.","ಆ ದಹು ಆ--ಅವಾ ದ ನಂದಿದವನೇ, ನಿ ವನಂದ; ಕರ್ಣಹು ನಿನ್ನುನಂದಿಗಿವಾದ್ದ; ಸಿತ್ತುನೇಯಲ್ಲಿ ನಿನೇಹು ಧಕ್ಯನೇ ಎನಂದಹು ನೇಳಿದಹು."
108,1 Peter,2,5,1 Peter 2:5,1 पतरस 2:5,1 पेत्र 2:5,1 ಪೇತ್ರ 2:5,Build,True,2026-05-23 06:15,"1O Lord , our Lord, how majestic is your name in all the earth! You have set your glory above the heavens. 2From the lips of children and infants you have ordained praise because of your enemies, to silence the foe and the avenger. 3When I consider your heavens, the work of your fingers, the moon and the stars, which you have set in place, 4what is man that you are mindful of him, the son of man that you care for him? 5You made him a little lower than the heavenly beings and crowned him with glo","जो तुम्हारे त्तलये स्वर्ग में रखी है, त्तजन की रक्षा परमेश्वर की सामथग से, त्तवश्वास के द्वारा उस उिार के त्तलये, जो आने वाले समय में प्रर्ट होने वाली है, की जाती है।","धडा 1 देवाचे निवडलेले लोक जे या जगात प्रवासी आहेत, जे पंत, गलतया, कप्पदुकया आशिया व बिथुनिया प्रांतात वखुरलेले आहेत त्या यहूदी लोकांनिा, 2 देवपत्यानिे फार पूवर्वीच के लेल्या योजनिेप्रमाणे आत्म्याच्याद्वारे तुम्ही पवत्र व्हावे, येशिू ख्रस्ताच्या आज्ञेत राहावे आण येशिूचे रक्त तुमच्यावर शिंपडूनि तुम्हांला शिुद्ध करावे, याकरीता तुम्हाला निवडले आहे. त्या तुम्हाला देवाची कृ पा व शिांत भरपूर प्रमाणात लाभो. 3 आमच्या प्रभु येशिू ख्रस्ताच्या पत्याची, देवाची स्तुत असो! त्याच्या महानि दयेमुळे त्यानिे आमचा न","ಆ ದಹು ಆ--ಅವಾ ದ ನಂದಿದವನೇ, ನಿ ವನಂದ; ಕರ್ಣಹು ನಿನ್ನುನಂದಿಗಿವಾದ್ದ; ಸಿತ್ತುನೇಯಲ್ಲಿ ನಿನೇಹು ಧಕ್ಯನೇ ಎನಂದಹು ನೇಳಿದಹು."
109,Hebrews,11,10,Hebrews 11:10,इब्रानियों 11:10,इब्री 11:10,ಇಬ್ರಿಯರು 11:10,Build,True,2026-05-23 14:27,"1O Lord , our Lord, how majestic is your name in all the earth! You have set your glory above the heavens. 2From the lips of children and infants you have ordained praise because of your enemies, to silence the foe and the avenger. 3When I consider your heavens, the work of your fingers, the moon and the stars, which you have set in place, 4what is man that you are mindful of him, the son of man that you care for him? 5You made him a little lower than the heavenly beings and crowned him with glo","और यह त्तक, हे प्रभु, आत्तद में तू ने पृथ्वी की नेव डाली, और स्वर्ग तेरे हाथों की कारीर्री है।","आण म्हणूनच मोशिे व अहरोन यांनी फारोपुढे अद्भ ुत चन्हें के ली; आण म्हणूनच परमेश्वराने फारोचे मन कठीण के ले आण त्याने मसरमधिून इस्राएल लोकांना जाऊ दले नाही. धडा 12 मोशिे व अहरोन अद्याप मसरमध्ये असताना परमेश्वर त्यांच्याशिी बोलला. तोम्हणाला, 2 “हा तुमच्या वषार्वचा पहला महना असे. 3 ही आज्ञा इस्राएलच्या सवर्व जनसमूहासाठी आहे; ह्या महन्याच्या दहाव्या दवशिी प्रत्येक माणसाने आपल्या कु टुंबातील माणसाकरता एक कोकरा घ्यावा. 4 जर तो संपूणर्व कोकरा, घरातील माणसांना सरणार नसेल तर त्याने आपल्या भोजनात वाटेकरी ह","ಆ ದಹು ಆ--ಅವಾ ದ ನಂದಿದವನೇ, ನಿ ವನಂದ; ಕರ್ಣಹು ನಿನ್ನುನಂದಿಗಿವಾದ್ದ; ಸಿತ್ತುನೇಯಲ್ಲಿ ನಿನೇಹು ಧಕ್ಯನೇ ಎನಂದಹು ನೇಳಿದಹು."
110,Acts,20,32,Acts 20:32,प्रेरितों के काम 20:32,प्रेषितांची कृत्ये 20:32,ಅಪೊಸ್ತಲರ ಕೃತ್ಯಗಳು 20:32,Build,True,2026-05-24 06:39,1Why do the nations conspire and the peoples plot in vain? 2The kings of the earth take their stand and the rulers gather together against the Lord and against his Anointed One.,पर त्तनदोर्ष और त्तनष्कलंक मेम्ने अथागत मसीह के बहुमूल्य लोहू के द्वारा हुआ।,"देव माझा साक्षी आहे, ज्याची सेवा मी आत्म्याने त्याच्या पुत्राची सुवातार्ता सांगून करतो. मी तुमची नेहमी आठवण करतो.","ಆ ದಹು ಆ--ಅವಾ ದ ನಂದಿದವನೇ, ನಿ ವನಂದ; ಕರ್ಣಹು ನಿನ್ನುನಂದಿಗಿವಾದ್ದ; ಸಿತ್ತುನೇಯಲ್ಲಿ ನಿನೇಹು ಧಕ್ಯನೇ ಎನಂದಹು ನೇಳಿದಹು."
111,Psalm,55,22,Psalm 55:22,भजन संहिता 55:22,स्तोत्र 55:22,ಕೀರ್ತನೆಗಳು 55:22,Burden,True,2026-05-24 14:22,"1O Lord , our Lord, how majestic is your name in all the earth! You have set your glory above the heavens. 2From the lips of children and infants you have ordained praise because of your enemies, to silence the foe and the avenger. 3When I consider your heavens, the work of your fingers, the moon and the stars, which you have set in place, 4what is man that you are mindful of him, the son of man that you care for him? 5You made him a little lower than the heavenly beings and crowned him with glo","िन्य हैं वे, जो मन के दीन हैं, क्योंत्तक स्वर्ग का राज्य उन्हीं का है।",त्यानंतलेवी लोक सेवा करण्यास दशर्षानमिंडपात आले. अहिरोन व त्याच्या मिुलांनी त्यांच्यावर देखरेख के ली; कारण ते लेवी लोक करीत असलेल्या सेवेबद्दल जिबाबदार हिोते. परमिेश्वराने मिोशेकडून अहिरोन व त्याचे मिुलगे ह्यांना सांगतल्याप्रमिाणे त्यांनी लेवी लोकांचे सवर्षा काहिी के ले.,"ಆ ದಹು ಆ--ಅವಾ ದ ನಂದಿದವನೇ, ನಿ ವನಂದ; ಕರ್ಣಹು ನಿನ್ನುನಂದಿಗಿವಾದ್ದ; ಸಿತ್ತುನೇಯಲ್ಲಿ ನಿನೇಹು ಧಕ್ಯನೇ ಎನಂದಹು ನೇಳಿದಹು."
112,Matthew,11,30,Matthew 11:30,मत्ती 11:30,मत्तय 11:30,ಮತ್ತಾಯ 11:30,Burden,True,2026-05-25 07:18,"1O Lord , our Lord, how majestic is your name in all the earth! You have set your glory above the heavens. 2From the lips of children and infants you have ordained praise because of your enemies, to silence the foe and the avenger. 3When I consider your heavens, the work of your fingers, the moon and the stars, which you have set in place, 4what is man that you are mindful of him, the son of man that you care for him? 5You made him a little lower than the heavenly beings and crowned him with glo","यहोवा ने उससे कहा, मनुष्य का मुंह त्तकस ने बनाया है? और मनुष्य को र्ूंर्ा, वा बत्तहरा, वा देखने वाला, वा अन्िा, मुझ यहोवा को छोड कौन बनाता है?","जख्रि तुझा उजवा हात तुला पापास पख्रिवृत्त कख्रितो, तख्रि तो तोडून फे कू न दे, काख्रिण संपूणर्य शख्रिीख्रि नख्रिकात जाण्यापेक्षा शख्रिीख्रिाचा एक अवयव गमावलेला बख्रिा.","ಆ ದಹು ಆ--ಅವಾ ದ ನಂದಿದವನೇ, ನಿ ವನಂದ; ಕರ್ಣಹು ನಿನ್ನುನಂದಿಗಿವಾದ್ದ; ಸಿತ್ತುನೇಯಲ್ಲಿ ನಿನೇಹು ಧಕ್ಯನೇ ಎನಂದಹು ನೇಳಿದಹು."
113,Galatians,6,2,Galatians 6:2,गलातियों 6:2,गलतीकर 6:2,ಗಲಾತ್ಯರು 6:2,Burden,True,2026-05-25 15:47,1Blessed is the man who does not walk in the counsel of the wicked or stand in the way of sinners or sit in the seat of mockers.,सो यीशु एक उिम वाचा का जात्तमन ठहरा।,हे पत्र ्रस्तामधील जे बंधु माझ्याबरोबर आहेत त्यांच्याकडूनही आहे. आण हे गलतीयायेथील मंडळ्यांना(वश्वासणाऱ्यांच्या गटांना) लहले आहे.,"ಆ ದಹು ಆ--ಅವಾ ದ ನಂದಿದವನೇ, ನಿ ವನಂದ; ಕರ್ಣಹು ನಿನ್ನುನಂದಿಗಿವಾದ್ದ; ಸಿತ್ತುನೇಯಲ್ಲಿ ನಿನೇಹು ಧಕ್ಯನೇ ಎನಂದಹು ನೇಳಿದಹು."
114,1 John,5,3,1 John 5:3,1 यूहन्ना 5:3,1 योहान 5:3,1 ಯೋಹಾನ 5:3,Burden,True,2026-05-26 06:50,1Why do the nations conspire and the peoples plot in vain? 2The kings of the earth take their stand and the rulers gather together against the Lord and against his Anointed One.,"उस से तुम त्तबन देखे प्रेम रखते हो, और अब तो उस पर त्तबन देखे भी त्तवश्वास करके ऐसे आनत्तन्दत और मर्न होते हो, जो वणगन से बाहर और मत्तहमा से भरा हुआ है।","आम्ही ते पाहले आहे व ऐकले आहे आणि आम्ही आता ते तुम्हालाही घोषत करीत आहोत, यासाठी की तुमचीहीआमच्यासह सहभागता असावी. आमची सहभागता तर देवपता व त्याचा पुत्र येशू ख्रस्त याजबरोबर आहे.","ಆ ದಹು ಆ--ಅವಾ ದ ನಂದಿದವನೇ, ನಿ ವನಂದ; ಕರ್ಣಹು ನಿನ್ನುನಂದಿಗಿವಾದ್ದ; ಸಿತ್ತುನೇಯಲ್ಲಿ ನಿನೇಹು ಧಕ್ಯನೇ ಎನಂದಹು ನೇಳಿದಹು."
115,Leviticus,17,11,Leviticus 17:11,लेवीय 17:11,लेवीय 17:11,ಯಾಜಕಕಾಂಡ 17:11,Blood,True,2026-05-26 16:37,1Blessed is the man who does not walk in the counsel of the wicked or stand in the way of sinners or sit in the seat of mockers.,"यहोवा ने उससे कहा, मनुष्य का मुंह त्तकस ने बनाया है? और मनुष्य को र्ूंर्ा, वा बत्तहरा, वा देखने वाला, वा अन्िा, मुझ यहोवा को छोड कौन बनाता है?",त्याने वेदीच्या उत्तरेस परमेश्वरासमोर तो वधावा; मग अहरोनाचे मुलगे जे याजक आहेत त्यांनी त्याचे रक्त वेदीवर व वेदीच्या सभोंवती ंपडावे.,"ಆ ದಹು ಆ--ಅವಾ ದ ನಂದಿದವನೇ, ನಿ ವನಂದ; ಕರ್ಣಹು ನಿನ್ನುನಂದಿಗಿವಾದ್ದ; ಸಿತ್ತುನೇಯಲ್ಲಿ ನಿನೇಹು ಧಕ್ಯನೇ ಎನಂದಹು ನೇಳಿದಹು."
116,Matthew,26,28,Matthew 26:28,मत्ती 26:28,मत्तय 26:28,ಮತ್ತಾಯ 26:28,Blood,True,2026-05-27 07:06,"1O Lord , our Lord, how majestic is your name in all the earth! You have set your glory above the heavens. 2From the lips of children and infants you have ordained praise because of your enemies, to silence the foe and the avenger. 3When I consider your heavens, the work of your fingers, the moon and the stars, which you have set in place, 4what is man that you are mindful of him, the son of man that you care for him? 5You made him a little lower than the heavenly beings and crowned him with glo","और र्ोमेर के पुत्र: अशकनज, रीपत, और तोर्माग हुए।",धडा 1 येशु ख्रिस्ताचा कु लवृत्तांत येणेपख्रिमाणे: तो दावदाच्या कु ळात जन्मला. दावीद अबख्रिाहामाच्या कु ळातील होता. 2 अबख्रिाहाम इसहाकचा पता होता. इसहाक याकोबाचा पता होता. याकोब याहूदा व त्याच्या भावांचा पता होता. 3 यहूदा पेख्रिेस व जेख्रिहाचा पता होता. (त्यांची आई तामाख्रि होती.) पेख्रिेस हेसख्रिोनाचा पता होता. हेसख्रिोन ख्रिामाचा पता होता. 4 ख्रिामा अम्मीनादाबाचा पता होता. अम्मीनादाब नहशोनाचा पता होता. नहशोन सल्मोनाचा पता होता. 5 सल्मोन बवाजाचा पता होता. (बवाजाची आई ख्रिाहाब होती.) बवाज ओबेदचा ,"ಆ ದಹು ಆ--ಅವಾ ದ ನಂದಿದವನೇ, ನಿ ವನಂದ; ಕರ್ಣಹು ನಿನ್ನುನಂದಿಗಿವಾದ್ದ; ಸಿತ್ತುನೇಯಲ್ಲಿ ನಿನೇಹು ಧಕ್ಯನೇ ಎನಂದಹು ನೇಳಿದಹು."
117,Ephesians,1,7,Ephesians 1:7,इफिसियों 1:7,इफिसकर 1:7,ಎಫೆಸಿಯರು 1:7,Blood,True,2026-05-27 16:33,1Why do the nations conspire and the peoples plot in vain? 2The kings of the earth take their stand and the rulers gather together against the Lord and against his Anointed One.,"न िरती की, क्योंत्तक वह उसके पांवों की चौकी है; न यरूशलेम की, क्योंत्तक वह महाराजा का नर्र है।",ग रिबके ची प्रिसूतीची वेळ आली तेव्हा तला जुळी ुले झाली;,"ಆ ದಹು ಆ--ಅವಾ ದ ನಂದಿದವನೇ, ನಿ ವನಂದ; ಕರ್ಣಹು ನಿನ್ನುನಂದಿಗಿವಾದ್ದ; ಸಿತ್ತುನೇಯಲ್ಲಿ ನಿನೇಹು ಧಕ್ಯನೇ ಎನಂದಹು ನೇಳಿದಹು."
118,Hebrews,9,22,Hebrews 9:22,इब्रानियों 9:22,इब्री 9:22,ಇಬ್ರಿಯರು 9:22,Blood,True,2026-05-28 06:57,1Blessed is the man who does not walk in the counsel of the wicked or stand in the way of sinners or sit in the seat of mockers.,सो यीशु एक उिम वाचा का जात्तमन ठहरा।,"परमेश्वराने मोशिेला सांगतले, “तू आपले हात आकाशिाकडे उगार आण मग सवर्व मसरभर गारांच्या वषार्ववाला सुरवात होईल. गारांचा मारा सवर्व लोकांवर, गुराढोरावर आण मसर देशिातील सवर्व शिेतांवर होईल.”","ಆ ದಹು ಆ--ಅವಾ ದ ನಂದಿದವನೇ, ನಿ ವನಂದ; ಕರ್ಣಹು ನಿನ್ನುನಂದಿಗಿವಾದ್ದ; ಸಿತ್ತುನೇಯಲ್ಲಿ ನಿನೇಹು ಧಕ್ಯನೇ ಎನಂದಹು ನೇಳಿದಹು."
119,1 Peter,1,19,1 Peter 1:19,1 पतरस 1:19,1 पेत्र 1:19,1 ಪೇತ್ರ 1:19,Blood,True,2026-05-28 16:49,1Blessed is the man who does not walk in the counsel of the wicked or stand in the way of sinners or sit in the seat of mockers.,पर त्तनदोर्ष और त्तनष्कलंक मेम्ने अथागत मसीह के बहुमूल्य लोहू के द्वारा हुआ।,तर कसलाही डाग कं वा दोष निसलेल्या कोकऱ्यासारख्या ख्रस्ताच्या बिहुमोल रक्तानिे तुमची सुटका के ली आहे.,"ಆ ದಹು ಆ--ಅವಾ ದ ನಂದಿದವನೇ, ನಿ ವನಂದ; ಕರ್ಣಹು ನಿನ್ನುನಂದಿಗಿವಾದ್ದ; ಸಿತ್ತುನೇಯಲ್ಲಿ ನಿನೇಹು ಧಕ್ಯನೇ ಎನಂದಹು ನೇಳಿದಹು."
120,Romans,5,9,Romans 5:9,रोमियों 5:9,रोमकर 5:9,ರೋಮಾಪುರ 5:9,Blood,True,2026-05-29 06:57,1Why do the nations conspire and the peoples plot in vain? 2The kings of the earth take their stand and the rulers gather together against the Lord and against his Anointed One.,"िन्य हैं वे, जो मन के दीन हैं, क्योंत्तक स्वर्ग का राज्य उन्हीं का है।","देव माझा साक्षी आहे, ज्याची सेवा मी आत्म्याने त्याच्या पुत्राची सुवातार्ता सांगून करतो. मी तुमची नेहमी आठवण करतो.","ಆ ದಹು ಆ--ಅವಾ ದ ನಂದಿದವನೇ, ನಿ ವನಂದ; ಕರ್ಣಹು ನಿನ್ನುನಂದಿಗಿವಾದ್ದ; ಸಿತ್ತುನೇಯಲ್ಲಿ ನಿನೇಹು ಧಕ್ಯನೇ ಎನಂದಹು ನೇಳಿದಹು."
121,Revelation,7,14,Revelation 7:14,प्रकाशितवाक्य 7:14,प्रकटीकरण 7:14,ಪ್ರಕಟನೆ 7:14,Blood,True,2026-05-29 16:38,1Blessed is the man who does not walk in the counsel of the wicked or stand in the way of sinners or sit in the seat of mockers.,"और स्वर्गदूत ने उसके पास भीतर आकर कहा; आनन्द और जय तेरी हो, त्तजस पर ईश्वर का अनुग्रह हुआ है, प्रभु तेरे साथ है।",आणि त्यापख्रिमाणिे तुम्ही आम्हांस काही अंशी जाणिता की पख्रिभु येशूच्या दवशी जसे आम्ही तुमच्यावषियी अभमान बाळगतो तसे तुम्हीही आमच्यावषियी अभमान बाळगता.,"ಆ ದಹು ಆ--ಅವಾ ದ ನಂದಿದವನೇ, ನಿ ವನಂದ; ಕರ್ಣಹು ನಿನ್ನುನಂದಿಗಿವಾದ್ದ; ಸಿತ್ತುನೇಯಲ್ಲಿ ನಿನೇಹು ಧಕ್ಯನೇ ಎನಂದಹು ನೇಳಿದಹು."
122,Genesis,12,3,Genesis 12:3,उत्पत्ति 12:3,उत्पत्ति 12:3,ಆದಿಕಾಂಡ 12:3,Bless,True,2026-05-30 06:26,1Why do the nations conspire and the peoples plot in vain? 2The kings of the earth take their stand and the rulers gather together against the Lord and against his Anointed One.,"और र्ोमेर के पुत्र: अशकनज, रीपत, और तोर्माग हुए।",तुम्ही आता तुमचा वचार बदला. अन्यायी होऊ नका. पुन्हा वचार करा. मी काहीही चूक के लेली नाही.,"ಆ ದಹು ಆ--ಅವಾ ದ ನಂದಿದವನೇ, ನಿ ವನಂದ; ಕರ್ಣಹು ನಿನ್ನುನಂದಿಗಿವಾದ್ದ; ಸಿತ್ತುನೇಯಲ್ಲಿ ನಿನೇಹು ಧಕ್ಯನೇ ಎನಂದಹು ನೇಳಿದಹು."
123,Numbers,6,24,Numbers 6:24,गिनती 6:24,गणना 6:24,ಅರಣ್ಯಕಾಂಡ 6:24,Bless,True,2026-05-30 14:25,"1O Lord , our Lord, how majestic is your name in all the earth! You have set your glory above the heavens. 2From the lips of children and infants you have ordained praise because of your enemies, to silence the foe and the avenger. 3When I consider your heavens, the work of your fingers, the moon and the stars, which you have set in place, 4what is man that you are mindful of him, the son of man that you care for him? 5You made him a little lower than the heavenly beings and crowned him with glo","यत्तद तेरी दात्तहनी आंख तुझे ठोकर त्तखलाए, तो उसे त्तनकालकर अपने पास से िेंक दे; क्योंत्तक तेरे त्तलये यही भला है त्तक तेरे अंर्ों में से एक नाश हो जाए और तेरा सारा शरीर नरक में न डाला जाए।",ग रिबके ची प्रिसूतीची वेळ आली तेव्हा तला जुळी ुले झाली;,"ಆ ದಹು ಆ--ಅವಾ ದ ನಂದಿದವನೇ, ನಿ ವನಂದ; ಕರ್ಣಹು ನಿನ್ನುನಂದಿಗಿವಾದ್ದ; ಸಿತ್ತುನೇಯಲ್ಲಿ ನಿನೇಹು ಧಕ್ಯನೇ ಎನಂದಹು ನೇಳಿದಹು."
124,Psalm,34,1,Psalm 34:1,भजन संहिता 34:1,स्तोत्र 34:1,ಕೀರ್ತನೆಗಳು 34:1,Bless,True,2026-05-31 07:00,1Blessed is the man who does not walk in the counsel of the wicked or stand in the way of sinners or sit in the seat of mockers.,"यत्तद तेरी दात्तहनी आंख तुझे ठोकर त्तखलाए, तो उसे त्तनकालकर अपने पास से िेंक दे; क्योंत्तक तेरे त्तलये यही भला है त्तक तेरे अंर्ों में से एक नाश हो जाए और तेरा सारा शरीर नरक में न डाला जाए।",यापख्रिमाणे अबख्रिाहामापासून दावदापयर्यत चौदा पढ्या झाल्या आण दावदापासून बाबेलच्या बंदीवासापयर्यंत चौदा पढ्या झाल्या. बाबेलच्या बंदवासापासून ख्रिस्ताच्या जन्मापयर्यत चौदा पढ्या झाल्या.(लूका2.1-7),"ಆ ದಹು ಆ--ಅವಾ ದ ನಂದಿದವನೇ, ನಿ ವನಂದ; ಕರ್ಣಹು ನಿನ್ನುನಂದಿಗಿವಾದ್ದ; ಸಿತ್ತುನೇಯಲ್ಲಿ ನಿನೇಹು ಧಕ್ಯನೇ ಎನಂದಹು ನೇಳಿದಹು."
125,Luke,6,28,Luke 6:28,लूका 6:28,लूक 6:28,ಲೂಕ 6:28,Bless,True,2026-05-31 14:26,1Why do the nations conspire and the peoples plot in vain? 2The kings of the earth take their stand and the rulers gather together against the Lord and against his Anointed One.,"और स्वर्गदूत ने उसके पास भीतर आकर कहा; आनन्द और जय तेरी हो, त्तजस पर ईश्वर का अनुग्रह हुआ है, प्रभु तेरे साथ है।","“आण तुम्ही वस्तख्रिावषयी का काळजी कख्रिता? ख्रिानातील फु ले पाहा, ती कशी वाढतात? ती कष्ट कख्रिीत नाहीत, आण ती कातीतही नाहीत,","ಆ ದಹು ಆ--ಅವಾ ದ ನಂದಿದವನೇ, ನಿ ವನಂದ; ಕರ್ಣಹು ನಿನ್ನುನಂದಿಗಿವಾದ್ದ; ಸಿತ್ತುನೇಯಲ್ಲಿ ನಿನೇಹು ಧಕ್ಯನೇ ಎನಂದಹು ನೇಳಿದಹು."
126,Romans,12,14,Romans 12:14,रोमियों 12:14,रोमकर 12:14,ರೋಮಾಪುರ 12:14,Bless,True,2026-06-01 08:37,1Why do the nations conspire and the peoples plot in vain? 2The kings of the earth take their stand and the rulers gather together against the Lord and against his Anointed One.,1 पूवग युर् में परमेश्वर ने बाप दादों से थोडा थोडा करके और भांत्तत भांत्तत से भत्तवष्यद्वक्ताओं के द्वारा बातें कर के ।,"मी सवर्ता लोकांची - ग्रीक आण ग्रीक नसलेले, शहाणे आण मूर्ता- सेवा के ली पाहजे.",[Romans 12:14]
127,Psalm,1,1,Psalm 1:1,भजन संहिता 1:1,स्तोत्र 1:1,ಕೀರ್ತನೆಗಳು 1:1,Blessed,True,2026-06-01 18:34,1Blessed is the man who does not walk in the counsel of the wicked or stand in the way of sinners or sit in the seat of mockers.,"उस से तुम त्तबन देखे प्रेम रखते हो, और अब तो उस पर त्तबन देखे भी त्तवश्वास करके ऐसे आनत्तन्दत और मर्न होते हो, जो वणगन से बाहर और मत्तहमा से भरा हुआ है।",तुम्ही आता तुमचा वचार बदला. अन्यायी होऊ नका. पुन्हा वचार करा. मी काहीही चूक के लेली नाही.,[Psalm 1:1]
128,Matthew,5,3,Matthew 5:3,मत्ती 5:3,मत्तय 5:3,ಮತ್ತಾಯ 5:3,Blessed,True,2026-06-02 07:26,1Why do the nations conspire and the peoples plot in vain? 2The kings of the earth take their stand and the rulers gather together against the Lord and against his Anointed One.,"उस से तुम त्तबन देखे प्रेम रखते हो, और अब तो उस पर त्तबन देखे भी त्तवश्वास करके ऐसे आनत्तन्दत और मर्न होते हो, जो वणगन से बाहर और मत्तहमा से भरा हुआ है।",यहूदा पेख्रिेस व जेख्रिहाचा पता होता. (त्यांची आई तामाख्रि होती.) पेख्रिेस हेसख्रिोनाचा पता होता. हेसख्रिोन ख्रिामाचा पता होता.,[Matthew 5:3]
129,John,20,29,John 20:29,यूहन्ना 20:29,योहान 20:29,ಯೋಹಾನ 20:29,Blessed,True,2026-06-02 17:15,1Why do the nations conspire and the peoples plot in vain? 2The kings of the earth take their stand and the rulers gather together against the Lord and against his Anointed One.,"यत्तद तेरी दात्तहनी आंख तुझे ठोकर त्तखलाए, तो उसे त्तनकालकर अपने पास से िेंक दे; क्योंत्तक तेरे त्तलये यही भला है त्तक तेरे अंर्ों में से एक नाश हो जाए और तेरा सारा शरीर नरक में न डाला जाए।",तुम्ही आता तुमचा वचार बदला. अन्यायी होऊ नका. पुन्हा वचार करा. मी काहीही चूक के लेली नाही.,[John 20:29]
130,John,3,3,John 3:3,यूहन्ना 3:3,योहान 3:3,ಯೋಹಾನ 3:3,Born,True,2026-06-03 08:20,1Why do the nations conspire and the peoples plot in vain? 2The kings of the earth take their stand and the rulers gather together against the Lord and against his Anointed One.,"िन्य हैं वे, जो मन के दीन हैं, क्योंत्तक स्वर्ग का राज्य उन्हीं का है।",आपल्या कारकर्दीच्या तसऱ्या वर्दी त्याने आपले प्रधान आणि अधकारी यांना मेजवानी ली. पारस आणि मेय या प्रांतांमधले सैन्याधकारी आणि महत्वाचे कारभारीही त्या ठिकाणिी होते.,[John 3:3]
131,1 John,5,1,1 John 5:1,1 यूहन्ना 5:1,1 योहान 5:1,1 ಯೋಹಾನ 5:1,Born,True,2026-06-03 17:58,"1O Lord , our Lord, how majestic is your name in all the earth! You have set your glory above the heavens. 2From the lips of children and infants you have ordained praise because of your enemies, to silence the foe and the avenger. 3When I consider your heavens, the work of your fingers, the moon and the stars, which you have set in place, 4what is man that you are mindful of him, the son of man that you care for him? 5You made him a little lower than the heavenly beings and crowned him with glo","उस से तुम त्तबन देखे प्रेम रखते हो, और अब तो उस पर त्तबन देखे भी त्तवश्वास करके ऐसे आनत्तन्दत और मर्न होते हो, जो वणगन से बाहर और मत्तहमा से भरा हुआ है।",जगाच्या सुरुवातीपासून हे होत. हे आम्ही ऐकले आहे. आम्ही आमच्या डोळ्यांनी ते पाहले आहे. आम्ही ते नरखूनपाहले आहे. आम्ही ते आमच्या हातांनी चाचपले आहे. जो शब्द जीवन देतो त्यावषयी आम्ही बोलत आहोत.,[1 John 5:1]
132,Proverbs,17,17,Proverbs 17:17,नीतिवचन 17:17,नीतिसूत्रे 17:17,ಜ್ಞಾನೋಕ್ತಿಗಳು 17:17,Brotherhood,True,2026-06-04 07:26,"1O Lord , our Lord, how majestic is your name in all the earth! You have set your glory above the heavens. 2From the lips of children and infants you have ordained praise because of your enemies, to silence the foe and the avenger. 3When I consider your heavens, the work of your fingers, the moon and the stars, which you have set in place, 4what is man that you are mindful of him, the son of man that you care for him? 5You made him a little lower than the heavenly beings and crowned him with glo",1 पूवग युर् में परमेश्वर ने बाप दादों से थोडा थोडा करके और भांत्तत भांत्तत से भत्तवष्यद्वक्ताओं के द्वारा बातें कर के ।,“सवर्वजण एखादी गोष्ट करतात म्हणून तुम्हीही ती खरी मानून करु नका. जर एखादा जनसमूह चुकीची गोष्ट करीत असेल तर तुम्ही त्याच्यांत सामील होउ नका; तुम्हीही चुकीची गोष्ट करावी म्हणून त्यांनी तुमचे मन वळवण्याचा प्रयत्न के ला तरी त्यांचे मुळीच ऐकू नका; तुम्ही तर जे योग्य व न्याय्य आहे तेच करावे.,[Proverbs 17:17]
133,Matthew,25,40,Matthew 25:40,मत्ती 25:40,मत्तय 25:40,ಮತ್ತಾಯ 25:40,Brotherhood,True,2026-06-04 16:18,"1O Lord , our Lord, how majestic is your name in all the earth! You have set your glory above the heavens. 2From the lips of children and infants you have ordained praise because of your enemies, to silence the foe and the avenger. 3When I consider your heavens, the work of your fingers, the moon and the stars, which you have set in place, 4what is man that you are mindful of him, the son of man that you care for him? 5You made him a little lower than the heavenly beings and crowned him with glo",1 पूवग युर् में परमेश्वर ने बाप दादों से थोडा थोडा करके और भांत्तत भांत्तत से भत्तवष्यद्वक्ताओं के द्वारा बातें कर के ।,आण जो कोणी फयार्यद करून तुमचा अंगख्रिा घेऊ पाहतो त्याला तुमचा झगाही द्या.,[Matthew 25:40]
134,Hebrews,13,1,Hebrews 13:1,इब्रानियों 13:1,इब्री 13:1,ಇಬ್ರಿಯರು 13:1,Brotherhood,True,2026-06-05 07:10,1Why do the nations conspire and the peoples plot in vain? 2The kings of the earth take their stand and the rulers gather together against the Lord and against his Anointed One.,1 पूवग युर् में परमेश्वर ने बाप दादों से थोडा थोडा करके और भांत्तत भांत्तत से भत्तवष्यद्वक्ताओं के द्वारा बातें कर के ।,योशीया यन्या व त्याचे भाऊ यांचा पता होता. (जेव्हा यहूदी लोकांना गुलाम म्हणून बाबेलास नेण्यात आले तेव्हा हे झाले.),[Hebrews 13:1]
135,1 Peter,3,8,1 Peter 3:8,1 पतरस 3:8,1 पेत्र 3:8,1 ಪೇತ್ರ 3:8,Brotherhood,True,2026-06-05 15:49,"1O Lord , our Lord, how majestic is your name in all the earth! You have set your glory above the heavens. 2From the lips of children and infants you have ordained praise because of your enemies, to silence the foe and the avenger. 3When I consider your heavens, the work of your fingers, the moon and the stars, which you have set in place, 4what is man that you are mindful of him, the son of man that you care for him? 5You made him a little lower than the heavenly beings and crowned him with glo","उस से तुम त्तबन देखे प्रेम रखते हो, और अब तो उस पर त्तबन देखे भी त्तवश्वास करके ऐसे आनत्तन्दत और मर्न होते हो, जो वणगन से बाहर और मत्तहमा से भरा हुआ है।","जरी तुम्ही येशिूला पाहले निाही, तरी तुम्ही त्याच्यावर प्रीत करता. जरी आता तुम्ही त्याच्याकडे पाहू शिकत निसला तरी तुम्ही त्याच्यावर वश्वास ठेवता आण तुम्ही व्यक्त करता येणार निाही, अशिा गौरवी आनिंदानिे भरला आहात.",[1 Peter 3:8]
136,1 Corinthians,6,19,1 Corinthians 6:19,1 कुरिन्थियों 6:19,1 करिंथकर 6:19,1 ಕೊರಿಂಥಿಯರು 6:19,Body,True,2026-06-06 06:32,"1O Lord , our Lord, how majestic is your name in all the earth! You have set your glory above the heavens. 2From the lips of children and infants you have ordained praise because of your enemies, to silence the foe and the avenger. 3When I consider your heavens, the work of your fingers, the moon and the stars, which you have set in place, 4what is man that you are mindful of him, the son of man that you care for him? 5You made him a little lower than the heavenly beings and crowned him with glo","न िरती की, क्योंत्तक वह उसके पांवों की चौकी है; न यरूशलेम की, क्योंत्तक वह महाराजा का नर्र है।",“सवर्वजण एखादी गोष्ट करतात म्हणून तुम्हीही ती खरी मानून करु नका. जर एखादा जनसमूह चुकीची गोष्ट करीत असेल तर तुम्ही त्याच्यांत सामील होउ नका; तुम्हीही चुकीची गोष्ट करावी म्हणून त्यांनी तुमचे मन वळवण्याचा प्रयत्न के ला तरी त्यांचे मुळीच ऐकू नका; तुम्ही तर जे योग्य व न्याय्य आहे तेच करावे.,[1 Corinthians 6:19]
137,1 Corinthians,12,27,1 Corinthians 12:27,1 कुरिन्थियों 12:27,1 करिंथकर 12:27,1 ಕೊರಿಂಥಿಯರು 12:27,Body,True,2026-06-06 14:26,"1O Lord , our Lord, how majestic is your name in all the earth! You have set your glory above the heavens. 2From the lips of children and infants you have ordained praise because of your enemies, to silence the foe and the avenger. 3When I consider your heavens, the work of your fingers, the moon and the stars, which you have set in place, 4what is man that you are mindful of him, the son of man that you care for him? 5You made him a little lower than the heavenly beings and crowned him with glo","न िरती की, क्योंत्तक वह उसके पांवों की चौकी है; न यरूशलेम की, क्योंत्तक वह महाराजा का नर्र है।",ख्रिामा अम्मीनादाबाचा पता होता. अम्मीनादाब नहशोनाचा पता होता. नहशोन सल्मोनाचा पता होता.,[1 Corinthians 12:27]
138,Matthew,4,4,Matthew 4:4,मत्ती 4:4,मत्तय 4:4,ಮತ್ತಾಯ 4:4,Bread,True,2026-06-07 07:07,1Why do the nations conspire and the peoples plot in vain? 2The kings of the earth take their stand and the rulers gather together against the Lord and against his Anointed One.,"न िरती की, क्योंत्तक वह उसके पांवों की चौकी है; न यरूशलेम की, क्योंत्तक वह महाराजा का नर्र है।",ख्रिामा अम्मीनादाबाचा पता होता. अम्मीनादाब नहशोनाचा पता होता. नहशोन सल्मोनाचा पता होता.,[Matthew 4:4]
139,Matthew,6,11,Matthew 6:11,मत्ती 6:11,मत्तय 6:11,ಮತ್ತಾಯ 6:11,Bread,True,2026-06-07 14:48,1Why do the nations conspire and the peoples plot in vain? 2The kings of the earth take their stand and the rulers gather together against the Lord and against his Anointed One.,"न िरती की, क्योंत्तक वह उसके पांवों की चौकी है; न यरूशलेम की, क्योंत्तक वह महाराजा का नर्र है।",योशीया यन्या व त्याचे भाऊ यांचा पता होता. (जेव्हा यहूदी लोकांना गुलाम म्हणून बाबेलास नेण्यात आले तेव्हा हे झाले.),[Matthew 6:11]
140,John,6,35,John 6:35,यूहन्ना 6:35,योहान 6:35,ಯೋಹಾನ 6:35,Bread,True,2026-06-08 08:11,1Why do the nations conspire and the peoples plot in vain? 2The kings of the earth take their stand and the rulers gather together against the Lord and against his Anointed One.,"न िरती की, क्योंत्तक वह उसके पांवों की चौकी है; न यरूशलेम की, क्योंत्तक वह महाराजा का नर्र है।",“सवर्वजण एखादी गोष्ट करतात म्हणून तुम्हीही ती खरी मानून करु नका. जर एखादा जनसमूह चुकीची गोष्ट करीत असेल तर तुम्ही त्याच्यांत सामील होउ नका; तुम्हीही चुकीची गोष्ट करावी म्हणून त्यांनी तुमचे मन वळवण्याचा प्रयत्न के ला तरी त्यांचे मुळीच ऐकू नका; तुम्ही तर जे योग्य व न्याय्य आहे तेच करावे.,[John 6:35]
141,Psalm,118,8,Psalm 118:8,भजन संहिता 118:8,स्तोत्र 118:8,ಕೀರ್ತನೆಗಳು 118:8,Better,False,,,,,
142,Matthew,3,17,Matthew 3:17,मत्ती 3:17,मत्तय 3:17,ಮತ್ತಾಯ 3:17,Beloved,False,,,,,
143,Ephesians,1,6,Ephesians 1:6,इफिसियों 1:6,इफिसकर 1:6,ಎಫೆಸಿಯರು 1:6,Beloved,False,,,,,
144,Song of Solomon,2,16,Song of Solomon 2:16,श्रेष्ठगीत 2:16,श्रेष्ठगीत 2:16,ಪರಮಗೀತ 2:16,Beloved,False,,,,,
145,Psalm,23,2,Psalm 23:2,भजन संहिता 23:2,स्तोत्र 23:2,ಕೀರ್ತನೆಗಳು 23:2,Peace,False,,,,,
